date,iso_a3,currency_code,name,local_price,dollar_ex,dollar_price,GDP_dollar,adj_price,USD,EUR,GBP,JPY,CNY
2011-07-01,ARG,ARS,Argentina,20,4.1325,4.83968542044767,9138.177,3.14975655201764,1.011,0.475,0.85,0.906,0.946
2011-07-01,AUS,AUD,Australia,4.56,0.922381589,4.94372400141217,55589.549,5.79252618698381,0.117,-0.181,0.027,0.059,0.081
2011-07-01,BRA,BRL,Brazil,9.5,1.5416,6.16242864556305,10816.487,3.24524106657751,1.485,0.823,1.286,1.356,1.405
2011-07-01,GBR,GBP,Britain,2.39,0.614137444,3.89163699974627,36119.846,4.6848314586083,0.087,-0.202,0,0.031,0.052
2011-07-01,CAN,CAD,Canada,4.73,0.94585,5.00079293756938,46214.914,5.25917271107591,0.244,-0.087,0.145,0.18,0.204
2011-07-01,CHL,CLP,Chile,1850,462.75,3.99783900594273,11827.958,3.30278694155078,0.584,0.162,0.457,0.502,0.533
2011-07-01,CHN,CNY,China,14.65,6.445,2.27307990690458,4382.136,2.87916991062728,0.033,-0.242,-0.05,-0.021,0
2011-07-01,COL,COP,Colombia,8400,1770.5,4.74442247952556,6273.372,2.98676847786346,1.079,0.525,0.912,0.971,1.012
2011-07-01,CZE,CZK,Czech Republic,69.32,17.0219,4.07240084831893,18288.284,3.67033589973403,0.452,0.065,0.336,0.377,0.405
2011-07-01,DNK,DKK,Denmark,28.5,5.19845,5.48240340870837,56147.143,5.82424952320388,0.232,-0.096,0.133,0.168,0.192
2011-07-01,EGY,EGP,Egypt,14.09,5.962,2.36330090573633,2788.829,2.78852149320747,0.109,-0.186,0.02,0.051,0.073
2011-07-01,EUZ,EUR,Euro area,3.437660401,0.697520315,4.92840183586624,36947,4.7318909399653,0.363,0,0.254,0.292,0.319
2011-07-01,HKG,HKD,Hong Kong,15.1,7.7918,1.93793475191868,31590.681,4.42715253076626,-0.427,-0.58,-0.473,-0.457,-0.446
2011-07-01,HUN,HUF,Hungary,760,188.0724,4.04099697775963,12879.296,3.36260097982044,0.573,0.154,0.447,0.491,0.522
2011-07-01,IND,INR,India,84,44.4,1.89189189189189,1264.839,2.7018167453694,-0.084,-0.328,-0.157,-0.131,-0.113
2011-07-01,IDN,IDR,Indonesia,22534,8523,2.64390472838203,3015.374,2.80141037508922,0.235,-0.094,0.136,0.171,0.195
2011-07-01,ISR,ILS,Israel,15.9,3.40335,4.67186742474327,28685.616,4.26187393426748,0.435,0.052,0.32,0.36,0.388
2011-07-01,JPN,JPY,Japan,320,78.365,4.08345562432208,42820.392,5.06604731390089,0.055,-0.226,-0.03,0,0.021
2011-07-01,MYS,MYR,Malaysia,7.2,2.973,2.42179616548941,8423.176,3.10907781960538,0.019,-0.252,-0.062,-0.034,-0.013
2011-07-01,MEX,MXN,Mexico,32,11.67075,2.74189747873958,9565.962,3.17409463202729,0.131,-0.171,0.04,0.072,0.094
2011-07-01,NZL,NZD,New Zealand,5.1,1.156069364,4.41150000061761,32145.233,4.4587027977123,0.295,-0.05,0.191,0.227,0.253
2011-07-01,NOR,NOK,Norway,45,5.41405,8.31170750177778,84443.634,7.43412892979909,0.463,0.073,0.346,0.387,0.416
2011-07-01,PAK,PKR,Pakistan,205.13,86.345,2.37570212519544,1049.749,2.68957957569474,0.156,-0.152,0.063,0.096,0.119
2011-07-01,PER,PEN,Peru,10,2.7375,3.65296803652968,5171.651,2.9240879868544,0.635,0.199,0.504,0.55,0.582
2011-07-01,PHL,PHP,Philippines,118,42.41,2.78236265031832,2007.362,2.74406129387626,0.327,-0.026,0.221,0.258,0.284
2011-07-01,POL,PLN,Poland,8.63,2.7968,3.08566933638444,12300.126,3.32965011478499,0.213,-0.11,0.116,0.15,0.174
2011-07-01,RUS,RUB,Russia,75,27.7525,2.70245923790649,10437.49,3.22367869456957,0.097,-0.195,0.009,0.04,0.062
2011-07-01,SAU,SAR,Saudi Arabia,10,3.7502,2.66652445202923,16995.78,3.5968011433382,-0.03,-0.288,-0.108,-0.08,-0.061
2011-07-01,SGP,SGD,Singapore,4.41,1.20705,3.65353547906052,43116.689,5.08290461392922,-0.059,-0.31,-0.135,-0.108,-0.09
2011-07-01,ZAF,ZAR,South Africa,19.45,6.76885,2.87345708650657,7157.801,3.03708652025591,0.238,-0.092,0.139,0.174,0.198
2011-07-01,KOR,KRW,South Korea,3700,1056.2,3.50312440825601,20590.962,3.80134274055468,0.206,-0.115,0.109,0.143,0.167
2011-07-01,SWE,SEK,Sweden,48.4,6.3352,7.63985351685819,48874.608,5.41049135332186,0.848,0.356,0.7,0.752,0.789
2011-07-01,CHE,CHF,Switzerland,6.5,0.80615,8.06301556782237,67245.997,6.45569942599949,0.635,0.199,0.504,0.55,0.582
2011-07-01,TWN,TWD,Taiwan,75,28.834,2.60109592841784,18457.752,3.67997748544432,-0.075,-0.321,-0.149,-0.123,-0.105
2011-07-01,THA,THB,Thailand,70,29.75,2.35294117647059,4991.525,2.91384003285925,0.057,-0.225,-0.028,0.002,0.023
2011-07-01,TUR,TRY,Turkey,6.5,1.72285,3.77281829526656,10398.685,3.22147095190731,0.533,0.124,0.41,0.453,0.483
2011-07-01,USA,USD,United States,4.065,1,4.065,47283.633,5.31997561096682,0,-0.266,-0.08,-0.052,-0.032
2012-01-01,ARG,ARS,Argentina,20,4.3135,4.63660600440478,9138.177,2.99418969628743,0.756,0.496,0.718,0.694,0.762
2012-01-01,AUS,AUD,Australia,4.8,0.972337012,4.93656000004245,55589.549,5.14234622246052,0.088,-0.073,0.065,0.05,0.092
2012-01-01,BRA,BRL,Brazil,10.25,1.805,5.6786703601108,10816.487,3.07180360572032,1.096,0.786,1.051,1.023,1.103
2012-01-01,GBR,GBP,Britain,2.49,0.651253663,3.82339500177214,36119.846,4.24196443046304,0.022,-0.129,0,-0.014,0.025
2012-01-01,CAN,CAD,Canada,4.73,1.02095,4.63293990890837,46214.914,4.70881363798184,0.115,-0.05,0.092,0.077,0.119
2012-01-01,CHL,CLP,Chile,2050,506.05,4.05098310443632,11827.958,3.11857936144364,0.473,0.255,0.441,0.421,0.478
2012-01-01,CHN,CNY,China,15.4,6.3155,2.43844509540021,4382.136,2.77424526681188,-0.004,-0.151,-0.025,-0.038,0
2012-01-01,COL,COP,Colombia,8400,1852.15,4.53526982155873,6273.372,2.86170599791652,0.797,0.531,0.758,0.734,0.803
2012-01-01,CZE,CZK,Czech Republic,70.22,20.36535,3.44801341494254,18288.284,3.41733892140035,0.144,-0.025,0.119,0.104,0.148
2012-01-01,DNK,DKK,Denmark,31.5,5.86135,5.37418854018272,56147.143,5.16813231097595,0.179,0.005,0.154,0.138,0.183
2012-01-01,EGY,EGP,Egypt,15.5,6.037,2.56750041411297,2788.829,2.70056234458846,0.078,-0.082,0.055,0.04,0.082
2012-01-01,EUZ,EUR,Euro area,3.49245637,0.788239467,4.43070477464433,36947,4.28021639562028,0.174,0,0.148,0.133,0.178
2012-01-01,HKG,HKD,Hong Kong,16.5,7.76735,2.12427661943906,31590.681,4.03251194426167,-0.403,-0.491,-0.416,-0.424,-0.401
2012-01-01,HUN,HUF,Hungary,645,245.69425,2.62521406178614,12879.296,3.16719877759164,-0.06,-0.199,-0.08,-0.093,-0.057
2012-01-01,IND,INR,India,84,51.905,1.61834120026972,1264.839,2.63008500617265,-0.302,-0.406,-0.317,-0.327,-0.3
2012-01-01,IDN,IDR,Indonesia,22534,9160,2.46004366812227,3015.374,2.71103898067623,0.029,-0.123,0.007,-0.007,0.032
2012-01-01,ISR,ILS,Israel,15.9,3.8485,4.13147979732363,28685.616,3.89816641107253,0.202,0.024,0.176,0.16,0.206
2012-01-01,JPN,JPY,Japan,320,76.92,4.16016640665627,42820.392,4.55183303065902,0.036,-0.117,0.014,0,0.04
2012-01-01,MYS,MYR,Malaysia,7.35,3.13955,2.34109983914892,8423.176,2.96112427758742,-0.104,-0.236,-0.123,-0.135,-0.101
2012-01-01,MEX,MXN,Mexico,37,13.6844,2.70380871649469,9565.962,3.01397273174974,0.017,-0.133,-0.005,-0.018,0.021
2012-01-01,NZL,NZD,New Zealand,5.1,1.26000126,4.04761500000405,32145.233,4.05815735464701,0.131,-0.036,0.107,0.091,0.135
2012-01-01,NOR,NOK,Norway,41,6.0399,6.78819185748108,84443.634,6.47671135164342,0.188,0.012,0.163,0.147,0.192
2012-01-01,PAK,PKR,Pakistan,260,90.05,2.88728484175458,1049.749,2.62013810972329,0.249,0.065,0.223,0.206,0.254
2012-01-01,PER,PEN,Peru,10,2.6925,3.71402042711235,5171.651,2.81075660601972,0.498,0.276,0.466,0.446,0.503
2012-01-01,PHL,PHP,Philippines,118,44.005,2.68151346437905,2007.362,2.66442318736316,0.141,-0.028,0.117,0.101,0.145
2012-01-01,POL,PLN,Poland,9.1,3.52045,2.58489681716826,12300.126,3.14041490099778,-0.067,-0.205,-0.087,-0.099,-0.064
2012-01-01,RUS,RUB,Russia,81,31.7693,2.54963124777694,10437.49,3.05427678479133,-0.054,-0.194,-0.074,-0.087,-0.05
2012-01-01,SAU,SAR,Saudi Arabia,10,3.7502,2.66652445202923,16995.78,3.35756671698183,-0.1,-0.233,-0.119,-0.131,-0.096
2012-01-01,SGP,SGD,Singapore,4.85,1.2928,3.75154702970297,43116.689,4.56553536724954,-0.068,-0.206,-0.088,-0.101,-0.065
2012-01-01,ZAF,ZAR,South Africa,19.95,8.1304,2.45375381285054,7157.801,2.90260666126585,-0.042,-0.183,-0.062,-0.075,-0.038
2012-01-01,KOR,KRW,South Korea,3700,1158.75,3.19309600862999,20590.962,3.52382690141901,0.027,-0.125,0.005,-0.009,0.031
2012-01-01,SWE,SEK,Sweden,41,6.9338,5.91306354379994,48874.608,4.83181192151421,0.387,0.182,0.358,0.339,0.392
2012-01-01,CHE,CHF,Switzerland,6.5,0.9551,6.805570097372,67245.997,5.68140187927077,0.358,0.157,0.329,0.311,0.363
2012-01-01,TWN,TWD,Taiwan,75,29.9795,2.50170950149269,18457.752,3.42517601586072,-0.172,-0.294,-0.19,-0.201,-0.169
2012-01-01,THA,THB,Thailand,78,31.75,2.45669291338583,4991.525,2.80242662940604,-0.006,-0.153,-0.027,-0.041,-0.003
2012-01-01,TUR,TRY,Turkey,6.6,1.86295,3.54276819023592,10398.685,3.05248223684993,0.316,0.121,0.288,0.27,0.32
2012-01-01,USA,USD,United States,4.19722,1,4.19722,47283.633,4.75823684327479,0,-0.148,-0.021,-0.035,0.004
2012-07-01,ARG,ARS,Argentina,19,4.56625,4.16096359156857,9138.177,3.00556800865508,0.489,0.341,0.387,0.51,0.582
2012-07-01,AUS,AUD,Australia,4.56,0.974326497,4.68015599908292,55589.549,5.01289205904203,0.004,-0.096,-0.064,0.018,0.067
2012-07-01,BRA,BRL,Brazil,10.08,2.04215,4.93597434076831,10816.487,3.07809357425097,0.725,0.553,0.607,0.749,0.833
2012-07-01,GBR,GBP,Britain,2.69,0.646266197,4.1623715002999,36119.846,4.17153901815035,0.073,-0.034,0,0.088,0.14
2012-07-01,CAN,CAD,Canada,5.12,1.01945,5.02231595468145,46214.914,4.60778173637817,0.172,0.056,0.092,0.189,0.246
2012-07-01,CHL,CLP,Chile,2050,493.05,4.15779332724876,11827.958,3.12180272593262,0.432,0.29,0.335,0.452,0.522
2012-07-01,CHN,CNY,China,15.65,6.3885,2.44971433043751,4382.136,2.80004306777871,-0.059,-0.153,-0.123,-0.046,0
2012-07-01,COL,COP,Colombia,8600,1804.475,4.76592914836725,6273.372,2.8817699004707,0.779,0.602,0.657,0.803,0.89
2012-07-01,CZE,CZK,Czech Republic,70.33,21.048,3.34141011022425,18288.284,3.40097570177368,0.057,-0.049,-0.015,0.071,0.123
2012-07-01,DNK,DKK,Denmark,28.5,6.1356,4.64502249168785,56147.143,5.03698761958977,-0.008,-0.107,-0.076,0.006,0.054
2012-07-01,EGY,EGP,Egypt,16,6.0665,2.63743509437072,2788.829,2.7311907750897,0.039,-0.065,-0.032,0.053,0.104
2012-07-01,EUZ,EUR,Euro area,3.583482241,0.824844311,4.34443469296111,36947,4.20728319633251,0.11,0,0.035,0.126,0.18
2012-07-01,HKG,HKD,Hong Kong,16.5,7.75815,2.126795692272,31590.681,3.97581817200029,-0.425,-0.482,-0.464,-0.417,-0.389
2012-07-01,HUN,HUF,Hungary,830,238.2151,3.48424596089836,12879.296,3.16723466823318,0.183,0.065,0.103,0.2,0.257
2012-07-01,IND,INR,India,89,56.165,1.58461675420636,1264.839,2.66533390912783,-0.361,-0.424,-0.404,-0.352,-0.32
2012-07-01,IDN,IDR,Indonesia,24200,9482.5,2.55206960189823,3015.374,2.74098056616401,0.001,-0.098,-0.067,0.015,0.064
2012-07-01,ISR,ILS,Israel,11.9,4.07625,2.91934989267096,28685.616,3.85028029031109,-0.185,-0.266,-0.24,-0.173,-0.133
2012-07-01,JPN,JPY,Japan,320,78.22,4.09102531321913,42820.392,4.46109272899712,-0.014,-0.112,-0.081,0,0.048
2012-07-01,MYS,MYR,Malaysia,7.4,3.1735,2.33181030408067,8423.176,2.97467034855258,-0.157,-0.241,-0.214,-0.145,-0.104
2012-07-01,MEX,MXN,Mexico,37,13.687,2.70329509753781,9565.962,3.02405407444652,-0.039,-0.134,-0.104,-0.025,0.022
2012-07-01,NZL,NZD,New Zealand,5.1,1.273560876,4.00452000065995,32145.233,3.99978227723254,0.077,-0.03,0.003,0.092,0.144
2012-07-01,NOR,NOK,Norway,43,6.09205,7.05837936326852,84443.634,6.25977662409664,0.213,0.092,0.13,0.23,0.289
2012-07-01,PAK,PKR,Pakistan,285,94.605,3.01252576502299,1049.749,2.6560391281255,0.22,0.098,0.137,0.237,0.296
2012-07-01,PHL,PHP,Philippines,118,42.2,2.79620853080569,2007.362,2.69742088980658,0.115,0.004,0.039,0.13,0.185
2012-07-01,POL,PLN,Poland,9.1,3.46035,2.62979178406809,12300.126,3.14220673428404,-0.1,-0.189,-0.161,-0.087,-0.043
2012-07-01,RUS,RUB,Russia,75,32.76525,2.28901046077781,10437.49,3.06171580626761,-0.196,-0.276,-0.251,-0.185,-0.145
2012-07-01,SAU,SAR,Saudi Arabia,10,3.75025,2.66648890073995,16995.78,3.34512214454352,-0.143,-0.228,-0.201,-0.131,-0.089
2012-07-01,SGP,SGD,Singapore,4.4,1.2585,3.49622566547477,43116.689,4.4738967446494,-0.16,-0.243,-0.217,-0.148,-0.107
2012-07-01,ZAF,ZAR,South Africa,19.95,8.4683,2.35584473861342,7157.801,2.91998912901275,-0.132,-0.219,-0.191,-0.12,-0.078
2012-07-01,KOR,KRW,South Korea,3700,1151,3.21459600347524,20590.962,3.50048236284059,-0.012,-0.111,-0.08,0.001,0.05
2012-07-01,SWE,SEK,Sweden,39.97301987,6.9777,5.72868135202144,48874.608,4.72271629057971,0.305,0.175,0.216,0.323,0.386
2012-07-01,CHE,CHF,Switzerland,6.5,0.9906,6.56167979002625,67245.997,5.5166073941345,0.279,0.152,0.192,0.297,0.36
2012-07-01,TWN,TWD,Taiwan,75,30.1955,2.48381381331655,18457.752,3.40829899875124,-0.216,-0.294,-0.27,-0.205,-0.167
2012-07-01,THA,THB,Thailand,82,31.7,2.58675078864353,4991.525,2.82637686897927,-0.016,-0.114,-0.083,-0.002,0.046
2012-07-01,TUR,TRY,Turkey,8.25,1.8269,4.51584651595599,10398.685,3.06003890833282,0.587,0.429,0.479,0.609,0.687
2012-07-01,USA,USD,United States,4.3275,1,4.3275,47283.633,4.65396477165656,0,-0.1,-0.068,0.014,0.063
2013-01-01,ARG,ARS,Argentina,19,4.9765,3.81794433839044,10959.082,3.25614714607385,0.316,0.091,0.237,0.599,0.373
2013-01-01,AUS,AUD,Australia,4.7,0.959094615,4.90045499838408,66371.218,5.69545440989134,-0.034,-0.199,-0.092,0.174,0.008
2013-01-01,BRA,BRL,Brazil,11.25,1.99335,5.64376552035518,12788.551,3.33668251869744,0.898,0.574,0.785,1.307,0.981
2013-01-01,GBR,GBP,Britain,2.69,0.633211968,4.24818249802884,38811.424,4.48223993114405,0.064,-0.118,0,0.293,0.11
2013-01-01,CAN,CAD,Canada,5.41,1.0029,5.39435636653704,50496.043,4.99661057373469,0.212,0.005,0.139,0.473,0.264
2013-01-01,CHL,CLP,Chile,2050,471.75,4.34552199258082,14403.111,3.40775734490282,0.431,0.187,0.345,0.739,0.493
2013-01-01,CHN,CNY,China,16,6.2204,2.57218185325703,5416.668,3.0121635766752,-0.042,-0.205,-0.099,0.165,0
2013-01-01,COL,COP,Colombia,8600,1773.175,4.85005710096296,7114.33,3.08689665045721,0.763,0.462,0.658,1.143,0.84
2013-01-01,CZE,CZK,Czech Republic,70.33,18.89495,3.72215856617774,20435.875,3.67332669682415,0.137,-0.057,0.069,0.382,0.187
2013-01-01,DNK,DKK,Denmark,28.5,5.49795,5.18375030693258,59708.962,5.40217408129668,0.077,-0.107,0.012,0.309,0.124
2013-01-01,EGY,EGP,Egypt,16,6.68575,2.39314960924354,2931.827,2.90277795940299,-0.075,-0.233,-0.13,0.125,-0.035
2013-01-01,EUZ,EUR,Euro area,3.594849572,0.736946829,4.87803112862027,40137.01059,4.54059380867381,0.206,0,0.134,0.465,0.258
2013-01-01,HKG,HKD,Hong Kong,17,7.7591,2.19097575749765,34259.337,4.28185171862994,-0.426,-0.524,-0.46,-0.302,-0.401
2013-01-01,HUN,HUF,Hungary,830,217.46935,3.81662979173847,14050.009,3.39221338042781,0.263,0.047,0.187,0.535,0.318
2013-01-01,IND,INR,India,89,53.395,1.66682273621126,1513.618,2.84034673467432,-0.341,-0.454,-0.381,-0.2,-0.313
2013-01-01,IDN,IDR,Indonesia,27939,9767.5,2.86040440235475,3511.799,2.9283090075548,0.096,-0.091,0.031,0.332,0.144
2013-01-01,ISR,ILS,Israel,14.9,3.72455,4.00048327985931,32350.817,4.19783642820437,0.069,-0.113,0.005,0.3,0.116
2013-01-01,JPN,JPY,Japan,320,91.065,3.51397353538681,45869.72,4.79295440536995,-0.177,-0.318,-0.226,0,-0.141
2013-01-01,MYS,MYR,Malaysia,7.95,3.083,2.57865715212455,10084.608,3.21765177422571,-0.101,-0.254,-0.154,0.093,-0.062
2013-01-01,MEX,MXN,Mexico,37,12.7384,2.90460340388118,10146.041,3.22035612698949,0.012,-0.16,-0.048,0.23,0.056
2013-01-01,NZL,NZD,New Zealand,5.2,1.202428906,4.32458000140592,35973.02,4.35729005563576,0.114,-0.076,0.047,0.354,0.162
2013-01-01,NOR,NOK,Norway,43,5.4831,7.84227900275392,97607.32,7.07050428167293,0.245,0.032,0.17,0.513,0.299
2013-01-01,PAK,PKR,Pakistan,290,97.665,2.96933394767829,1199.111,2.82650176739818,0.179,-0.022,0.108,0.433,0.23
2013-01-01,PER,PEN,Peru,10,2.5595,3.90701308849385,5904.494,3.03363824975546,0.445,0.199,0.359,0.757,0.508
2013-01-01,PHL,PHP,Philippines,118,40.6,2.9064039408867,2344.889,2.8769402597552,0.134,-0.06,0.066,0.378,0.183
2013-01-01,POL,PLN,Poland,9.1,3.092,2.94307891332471,13468.655,3.36662149501395,-0.019,-0.186,-0.078,0.192,0.024
2013-01-01,RUS,RUB,Russia,72.88,30.045,2.42569479114661,12993.358,3.34569836321895,-0.186,-0.325,-0.235,-0.011,-0.151
2013-01-01,SAU,SAR,Saudi Arabia,11,3.7502,2.93317689723215,21196.287,3.70680092555798,-0.112,-0.263,-0.165,0.079,-0.073
2013-01-01,SGP,SGD,Singapore,4.5,1.23485,3.64416730777017,49270.872,4.94267710833429,-0.173,-0.314,-0.222,0.006,-0.137
2013-01-01,ZAF,ZAR,South Africa,20.9,9.047,2.31015806344645,8078.451,3.12933838846383,-0.172,-0.313,-0.221,0.007,-0.135
2013-01-01,KOR,KRW,South Korea,3700,1085.475,3.40864598447684,22424.062,3.7608490220947,0.017,-0.156,-0.044,0.236,0.061
2013-01-01,SWE,SEK,Sweden,40.55930138,6.3492,6.38809635544636,57638.234,5.31101820432796,0.35,0.12,0.269,0.641,0.409
2013-01-01,CHE,CHF,Switzerland,6.5,0.9123,7.12484928203442,83072.845,6.43067963309281,0.243,0.031,0.169,0.511,0.297
2013-01-01,TWN,TWD,Taiwan,75,29.502,2.54220052877771,20082.918,3.65778911541933,-0.22,-0.353,-0.267,-0.052,-0.186
2013-01-01,THA,THB,Thailand,87,29.755,2.92387833977483,5394.714,3.01119713582784,0.09,-0.096,0.025,0.324,0.137
2013-01-01,TUR,TRY,Turkey,8.45,1.76875,4.7773851590106,10362.609,3.22988970453485,0.66,0.377,0.561,1.017,0.732
2013-01-01,USA,USD,United States,4.367395833,1,4.367395833,48327.861,4.90116465730443,0,-0.171,-0.06,0.215,0.044
2013-07-01,ARG,ARS,Argentina,21,5.4125,3.87990762124711,10959.082,3.12228149398958,0.286,0.165,0.332,0.792,0.375
2013-07-01,AUS,AUD,Australia,5.035,1.089858863,4.61986425117506,66371.218,5.48497145243686,-0.128,-0.211,-0.097,0.215,-0.068
2013-07-01,BRA,BRL,Brazil,12,2.27065,5.28483033492612,12788.551,3.20028729466094,0.709,0.548,0.77,1.382,0.827
2013-07-01,GBR,GBP,Britain,2.69,0.669142494,4.02007049936362,38811.424,4.30986337610001,-0.035,-0.126,0,0.345,0.032
2013-07-01,CAN,CAD,Canada,5.53,1.05125,5.26040428061831,50496.043,4.80807791848081,0.132,0.025,0.173,0.578,0.211
2013-07-01,CHL,CLP,Chile,2000,508.155,3.93580698802531,14403.111,3.26912969949642,0.246,0.128,0.291,0.737,0.332
2013-07-01,CHN,CNY,China,16,6.1341,2.60836960597317,5416.668,2.88596131489817,-0.065,-0.153,-0.031,0.304,0
2013-07-01,COL,COP,Colombia,8600,1921,4.47683498178032,7114.33,2.95834706375718,0.566,0.418,0.622,1.183,0.674
2013-07-01,CZE,CZK,Czech Republic,70.45,20.1828,3.49059595298967,20435.875,3.52635766350204,0.024,-0.072,0.061,0.428,0.095
2013-07-01,DNK,DKK,Denmark,28.5,5.8006,4.91328483260352,59708.962,5.20090289836045,-0.022,-0.115,0.013,0.363,0.045
2013-07-01,EGY,EGP,Egypt,16.75,7.00915,2.38973341988686,2931.827,2.78001143996395,-0.11,-0.194,-0.078,0.24,-0.049
2013-07-01,EUZ,EUR,Euro area,3.623870489,0.777756173,4.65939148386547,40137.01059,4.36638439029166,0.104,0,0.144,0.539,0.181
2013-07-01,HKG,HKD,Hong Kong,17,7.75665,2.19166779473097,34259.337,4.1157692476066,-0.449,-0.501,-0.429,-0.232,-0.411
2013-07-01,HUN,HUF,Hungary,860,228.462,3.76430215965894,14050.009,3.25407396243356,0.197,0.084,0.24,0.669,0.28
2013-07-01,IND,INR,India,90,59.98,1.50050016672224,1513.618,2.71954114581612,-0.429,-0.483,-0.408,-0.204,-0.39
2013-07-01,IDN,IDR,Indonesia,27939,9965,2.80371299548419,3511.799,2.80474057187434,0.035,-0.063,0.072,0.442,0.106
2013-07-01,ISR,ILS,Israel,17.5,3.64595,4.79984640491504,32350.817,4.03439283144578,0.231,0.115,0.275,0.716,0.316
2013-07-01,JPN,JPY,Japan,320,100.105,3.19664352429949,45869.72,4.61081847884048,-0.283,-0.35,-0.257,0,-0.233
2013-07-01,MYS,MYR,Malaysia,7.3,3.1805,2.29523659801918,10084.608,3.08499524069079,-0.23,-0.303,-0.202,0.073,-0.177
2013-07-01,MEX,MXN,Mexico,37,12.94115,2.85909675724337,10146.041,3.08761465121517,-0.042,-0.132,-0.007,0.336,0.025
2013-07-01,NZL,NZD,New Zealand,5.5,1.279344975,4.29907500125211,35973.02,4.18883810775778,0.062,-0.038,0.1,0.48,0.136
2013-07-01,NOR,NOK,Norway,46,6.1281,7.50640492159071,97607.32,6.81683176073529,0.14,0.032,0.181,0.588,0.218
2013-07-01,PAK,PKR,Pakistan,300,100.035,2.99895036737142,1199.111,2.70613104138049,0.147,0.039,0.188,0.598,0.226
2013-07-01,PER,PEN,Peru,10,2.783,3.59324469996407,5904.494,2.9067614802567,0.279,0.158,0.325,0.783,0.368
2013-07-01,PHL,PHP,Philippines,115.21,43.44,2.65216390423573,2344.889,2.75498528831314,-0.004,-0.098,0.032,0.389,0.065
2013-07-01,POL,PLN,Poland,9.2,3.3655,2.73362056158075,13468.655,3.2292859041262,-0.124,-0.207,-0.092,0.221,-0.063
2013-07-01,RUS,RUB,Russia,87,32.9389,2.64125395808603,12993.358,3.20901995644319,-0.148,-0.229,-0.118,0.187,-0.089
2013-07-01,SAU,SAR,Saudi Arabia,10,3.7502,2.66652445202923,21196.287,3.55878048504212,-0.225,-0.298,-0.197,0.081,-0.171
2013-07-01,SGP,SGD,Singapore,4.7,1.2747,3.68714207264454,49270.872,4.75583847369418,-0.198,-0.273,-0.169,0.118,-0.142
2013-07-01,ZAF,ZAR,South Africa,22.5,10.04725,2.23941874642315,8078.451,2.99945573001448,-0.227,-0.3,-0.2,0.077,-0.174
2013-07-01,KOR,KRW,South Korea,3900,1135.7,3.43400545918817,22424.062,3.61113096046383,-0.016,-0.109,0.02,0.372,0.052
2013-07-01,SWE,SEK,Sweden,41.61,6.7583,6.15687377003092,57638.234,5.11261017756955,0.246,0.129,0.291,0.737,0.332
2013-07-01,CHE,CHF,Switzerland,6.5,0.9674,6.7190407277238,83072.845,6.19710365399342,0.122,0.016,0.162,0.564,0.2
2013-07-01,TWN,TWD,Taiwan,79,30.0285,2.63083404099439,20082.918,3.51130810902062,-0.225,-0.298,-0.197,0.081,-0.171
2013-07-01,THA,THB,Thailand,89,31.275,2.84572342126299,5394.714,2.88502522942859,0.021,-0.076,0.057,0.423,0.091
2013-07-01,TUR,TRY,Turkey,8.5,1.95745,4.34238422437355,10362.609,3.09684878431051,0.451,0.314,0.503,1.023,0.551
2013-07-01,USA,USD,United States,4.556666667,1,4.556666667,48327.861,4.71562990601859,0,-0.094,0.036,0.394,0.069
2014-01-01,ARG,ARS,Argentina,21,6.92125,3.03413400758534,10959.082,3.13614862875954,0.026,-0.12,-0.069,0.557,0.014
2014-01-01,AUS,AUD,Australia,5.05,1.128859288,4.47354249877067,66371.218,5.75624567072972,-0.176,-0.293,-0.252,0.251,-0.186
2014-01-01,BRA,BRL,Brazil,12.4,2.36305,5.24745561879774,12788.551,3.22265289770301,0.727,0.482,0.567,1.621,0.706
2014-01-01,GBR,GBP,Britain,2.79,0.603009015,4.62679649988317,38811.424,4.4531135421161,0.102,-0.054,0,0.672,0.089
2014-01-01,CAN,CAD,Canada,5.54,1.1051,5.01312098452629,50496.043,5.00560687459562,0.062,-0.089,-0.036,0.612,0.049
2014-01-01,CHL,CLP,Chile,2000,541.95,3.69037734108313,14403.111,3.29899544981259,0.186,0.018,0.077,0.801,0.172
2014-01-01,CHN,CNY,China,16.6,6.0513,2.74321220233669,5416.668,2.87408216507415,0.012,-0.131,-0.081,0.536,0
2014-01-01,COL,COP,Colombia,8600,1982.795,4.33731172410663,7114.33,2.95435409655979,0.557,0.336,0.413,1.363,0.538
2014-01-01,CZE,CZK,Czech Republic,70.45,20.2838,3.47321507804258,20435.875,3.5842475308965,0.027,-0.118,-0.067,0.56,0.015
2014-01-01,DNK,DKK,Denmark,28.5,5.5014,5.18049950921584,59708.962,5.44122880802571,0.01,-0.134,-0.084,0.533,-0.002
2014-01-01,EGY,EGP,Egypt,16.93,6.961,2.43212182157736,2931.827,2.75658940944628,-0.064,-0.197,-0.151,0.42,-0.076
2014-01-01,EUZ,EUR,Euro area,3.657962724,0.737218475,4.96184353491684,40137.01059,4.51579232972563,0.165,0,0.058,0.769,0.151
2014-01-01,HKG,HKD,Hong Kong,18,7.75785,2.32023047622731,34259.337,4.23787351448946,-0.419,-0.502,-0.473,-0.119,-0.426
2014-01-01,HUN,HUF,Hungary,860,223.09705,3.85482461556529,14050.009,3.28229944109505,0.245,0.069,0.13,0.89,0.23
2014-01-01,IND,INR,India,95,61.845,1.53609831029186,1513.618,2.68953108118051,-0.394,-0.48,-0.45,-0.081,-0.402
2014-01-01,IDN,IDR,Indonesia,27939,12140,2.30140032948929,3511.799,2.78401269667754,-0.123,-0.248,-0.204,0.331,-0.134
2014-01-01,ISR,ILS,Israel,17.5,3.4882,5.01691416776561,32350.817,4.14763141289387,0.283,0.101,0.164,0.947,0.267
2014-01-01,JPN,JPY,Japan,310,104.245,2.97376372967528,45869.72,4.78685668587345,-0.341,-0.435,-0.402,0,-0.349
2014-01-01,MYS,MYR,Malaysia,7.4,3.3235,2.2265683767113,10084.608,3.09480016421596,-0.237,-0.345,-0.308,0.158,-0.246
2014-01-01,MEX,MXN,Mexico,37,13.33275,2.77512141156176,10146.041,3.09770495066165,-0.05,-0.185,-0.138,0.442,-0.061
2014-01-01,NZL,NZD,New Zealand,5.5,1.203007519,4.5718749992285,35973.02,4.31890297993318,0.122,-0.037,0.019,0.704,0.109
2014-01-01,NOR,NOK,Norway,48,6.15745,7.79543479849613,97607.32,7.23320765705125,0.143,-0.019,0.037,0.735,0.129
2014-01-01,PAK,PKR,Pakistan,320,105.415,3.03562111653939,1199.111,2.67465999120161,0.203,0.033,0.092,0.827,0.189
2014-01-01,PER,PEN,Peru,10,2.8065,3.56315695706396,5904.494,2.89714843813022,0.304,0.119,0.184,0.98,0.289
2014-01-01,PHL,PHP,Philippines,135,45.23,2.98474463851426,2344.889,2.72883674317801,0.16,-0.005,0.053,0.761,0.146
2014-01-01,POL,PLN,Poland,9.2,3.0684,2.99830530569678,13468.655,3.25481080763509,-0.023,-0.162,-0.113,0.483,-0.035
2014-01-01,RUS,RUB,Russia,89,33.93925,2.62233255007108,12993.358,3.23233695346427,-0.14,-0.262,-0.219,0.306,-0.15
2014-01-01,SAU,SAR,Saudi Arabia,11,3.7504,2.9330204778157,21196.287,3.62020270923286,-0.141,-0.263,-0.22,0.304,-0.151
2014-01-01,SGP,SGD,Singapore,4.6,1.27885,3.59698166321304,49270.872,4.94767611890327,-0.229,-0.338,-0.3,0.17,-0.238
2014-01-01,ZAF,ZAR,South Africa,23.5,10.87765,2.16039309961251,8078.451,2.99994141303143,-0.236,-0.345,-0.307,0.159,-0.245
2014-01-01,KOR,KRW,South Korea,3700,1067.3,3.46669165183173,22424.062,3.67825659197264,-0.001,-0.142,-0.093,0.517,-0.013
2014-01-01,SWE,SEK,Sweden,40.7,6.47315,6.28751071734781,57638.234,5.34331689379225,0.248,0.071,0.133,0.894,0.233
2014-01-01,CHE,CHF,Switzerland,6.5,0.91005,7.14246469974177,83072.845,6.54596226816948,0.157,-0.007,0.05,0.756,0.143
2014-01-01,TWN,TWD,Taiwan,79,30.161,2.61927654918604,20082.918,3.56755837833175,-0.222,-0.332,-0.293,0.182,-0.231
2014-01-01,THA,THB,Thailand,96,32.875,2.92015209125475,5394.714,2.87304409625725,0.078,-0.075,-0.022,0.636,0.065
2014-01-01,TUR,TRY,Turkey,8.5,2.26155,3.75848422542062,10362.609,3.10794511134027,0.282,0.101,0.164,0.947,0.267
2014-01-01,USA,USD,United States,4.624166667,1,4.624166667,48327.861,4.90308696371088,0,-0.142,-0.092,0.518,-0.012
2014-07-01,ARG,ARS,Argentina,21,8.16875,2.5707727620505,11582.48,3.34482749995658,-0.181,-0.308,-0.29,0.029,-0.125
2014-07-01,AUS,AUD,Australia,5.1,1.059378145,4.81414500013119,67855.88,5.81786092182743,-0.118,-0.255,-0.236,0.108,-0.058
2014-07-01,BRA,BRL,Brazil,13,2.22025,5.85519648688211,11437.393,3.33845139685851,0.868,0.578,0.62,1.349,0.996
2014-07-01,GBR,GBP,Britain,2.89,0.586785589,4.92513799618893,38999.208,4.54970377653384,0.153,-0.026,0,0.45,0.232
2014-07-01,CAN,CAD,Canada,5.64,1.07405,5.25115218099716,52488.725,5.14252429894576,0.088,-0.081,-0.057,0.368,0.162
2014-07-01,CHL,CLP,Chile,2100,564.14,3.72248023540256,15300.352,3.50821591640623,0.13,-0.045,-0.02,0.421,0.208
2014-07-01,CHN,CNY,China,16.9,6.1983,2.72655405514415,6077.65,3.10290807494019,-0.064,-0.209,-0.188,0.177,0
2014-07-01,COL,COP,Colombia,8600,1847.65,4.65456119936135,7935.716,3.18456404948664,0.557,0.315,0.35,0.957,0.663
2014-07-01,CZE,CZK,Czech Republic,70.45,20.3877,3.45551484473482,18699.467,3.65759599651127,0.006,-0.15,-0.127,0.265,0.075
2014-07-01,DNK,DKK,Denmark,28.5,5.5388,5.14551888495703,56475.85,5.31774551149337,0.031,-0.129,-0.106,0.296,0.101
2014-07-01,EGY,EGP,Egypt,16.93,7.15005,2.36781560968105,3178.951,2.97551965506609,-0.152,-0.284,-0.265,0.066,-0.094
2014-07-01,EUZ,EUR,Euro area,3.67923829,0.742748914,4.95354246993891,36888.30379,4.45693638267283,0.184,0,0.027,0.489,0.265
2014-07-01,HKG,HKD,Hong Kong,18.8,7.75045,2.42566560651317,36590.443,4.44384636698629,-0.418,-0.509,-0.496,-0.269,-0.379
2014-07-01,HUN,HUF,Hungary,860,228.30615,3.76687180787727,12543.959,3.38708138369965,0.185,0.001,0.027,0.489,0.266
2014-07-01,IND,INR,India,105,60.08875,1.74741528156269,1514.634,2.90237832069518,-0.359,-0.458,-0.444,-0.194,-0.315
2014-07-01,IDN,IDR,Indonesia,27939,11505,2.42842242503259,3590.662,2.99361301823859,-0.136,-0.27,-0.251,0.086,-0.077
2014-07-01,ISR,ILS,Israel,17.5,3.4138,5.12625227019743,33450.928,4.30587486493621,0.268,0.071,0.1,0.594,0.355
2014-07-01,JPN,JPY,Japan,370,101.53,3.6442430808628,46530.384,4.88067453632428,-0.205,-0.328,-0.31,0,-0.15
2014-07-01,MYS,MYR,Malaysia,7.63,3.1675,2.40883977900553,10387.16,3.29229706266595,-0.221,-0.342,-0.324,-0.02,-0.167
2014-07-01,MEX,MXN,Mexico,42,12.93255,3.24761937900878,10110.686,3.28014692703742,0.055,-0.109,-0.085,0.326,0.127
2014-07-01,NZL,NZD,New Zealand,5.7,1.152737752,4.94475000069227,38384.906,4.52270719596251,0.165,-0.016,0.01,0.464,0.244
2014-07-01,NOR,NOK,Norway,48,6.1873,7.75782651560455,99249.004,7.19748690619902,0.148,-0.03,-0.004,0.444,0.227
2014-07-01,PAK,PKR,Pakistan,300,98.68,3.04012971220105,1260.736,2.89122032704727,0.12,-0.054,-0.029,0.408,0.197
2014-07-01,PER,PEN,Peru,10,2.788,3.58680057388809,6549.636,3.12365032887642,0.223,0.033,0.061,0.538,0.307
2014-07-01,PHL,PHP,Philippines,160,43.205,3.70327508390233,2611.503,2.95058215583601,0.337,0.129,0.159,0.681,0.428
2014-07-01,POL,PLN,Poland,9.2,3.0714,2.99537670117862,12708.962,3.39433273040535,-0.06,-0.206,-0.185,0.182,0.004
2014-07-01,RUS,RUB,Russia,89,34.83725,2.55473666836504,14015.75,3.45176182477854,-0.212,-0.334,-0.316,-0.009,-0.158
2014-07-01,SAU,SAR,Saudi Arabia,11,3.75035,2.93305958110576,25139.004,3.94059276269874,-0.207,-0.33,-0.312,-0.003,-0.153
2014-07-01,SGP,SGD,Singapore,4.7,1.238,3.79644588045234,53516.039,5.18767141742013,-0.22,-0.342,-0.324,-0.02,-0.167
2014-07-01,ZAF,ZAR,South Africa,24.5,10.5145,2.33011555471016,7314.014,3.15724226291529,-0.214,-0.336,-0.318,-0.012,-0.16
2014-07-01,KOR,KRW,South Korea,4100,1023.75,4.00488400488401,22590.158,3.82857924751746,0.114,-0.059,-0.034,0.401,0.19
2014-07-01,SWE,SEK,Sweden,40.7,6.836,5.95377413692218,54829.105,5.24537640953225,0.209,0.021,0.049,0.52,0.292
2014-07-01,CHE,CHF,Switzerland,6.16,0.9024,6.82624113475177,79344.253,6.32273765562917,0.15,-0.029,-0.003,0.446,0.229
2014-07-01,TWN,TWD,Taiwan,79,29.982,2.63491428190248,20386.475,3.73173452673982,-0.248,-0.365,-0.348,-0.054,-0.196
2014-07-01,THA,THB,Thailand,99,31.78,3.11516677155444,5390.414,3.07270628161132,0.08,-0.088,-0.063,0.358,0.154
2014-07-01,TUR,TRY,Turkey,9.25,2.09125,4.42319187089062,10523.36,3.29828261093669,0.429,0.207,0.239,0.796,0.526
2014-07-01,USA,USD,United States,4.795,1,4.795,51708.982,5.10825712298927,0,-0.155,-0.133,0.257,0.068
2015-01-01,ARG,ARS,Argentina,28,8.61,3.2520325203252,14708.613,3.1121515019948,0.005,-0.008,-0.025,0.344,0.06
2015-01-01,AUS,AUD,Australia,5.3,1.227219734,4.31870499892076,64578.19,5.06120222476087,-0.179,-0.19,-0.204,0.097,-0.134
2015-01-01,BRA,BRL,Brazil,13.5,2.59275,5.20682672837721,11172.523,2.97395063515637,0.685,0.662,0.634,1.252,0.776
2015-01-01,GBR,GBP,Britain,2.89,0.661594443,4.36823499740308,39371.653,4.07605612740617,0.031,0.017,0,0.378,0.087
2015-01-01,CAN,CAD,Canada,5.7,1.22855,4.63961580725245,52037.148,4.57106117194345,-0.023,-0.036,-0.053,0.305,0.03
2015-01-01,CHL,CLP,Chile,2100,627.485,3.34669354645928,15775.713,3.1538569294594,0.021,0.007,-0.01,0.365,0.077
2015-01-01,CHN,CNY,China,17.2,6.2115,2.76905739354423,6958.686,2.80926140888785,-0.052,-0.064,-0.08,0.268,0
2015-01-01,COL,COP,Colombia,7900,2364.98,3.34040879838307,8030.715,2.85115947626621,0.127,0.112,0.093,0.507,0.189
2015-01-01,CZE,CZK,Czech Republic,70.45,24.13325,2.91920897516911,18871.009,3.27483026167706,-0.142,-0.154,-0.168,0.146,-0.096
2015-01-01,DNK,DKK,Denmark,34.5,6.4174,5.37600897559759,59129.127,4.84823670916109,0.067,0.053,0.035,0.426,0.125
2015-01-01,EGY,EGP,Egypt,16.93,7.35005,2.3033856912538,3242.857,2.66403580975905,-0.168,-0.179,-0.193,0.112,-0.123
2015-01-01,EUZ,EUR,Euro area,3.68,0.863073404,4.26383200194175,38643.6391,4.04760318869409,0.014,0,-0.017,0.355,0.069
2015-01-01,HKG,HKD,Hong Kong,18.8,7.75135,2.42538396537377,37955.448,4.02070664291315,-0.42,-0.427,-0.437,-0.224,-0.388
2015-01-01,HUN,HUF,Hungary,860,271.39345,3.16883108269562,13387.975,3.0605370588161,-0.004,-0.017,-0.034,0.332,0.05
2015-01-01,IND,INR,India,116.25,61.615,1.88671589710298,1509.495,2.59629089066909,-0.301,-0.31,-0.322,-0.065,-0.263
2015-01-01,IDN,IDR,Indonesia,27939,12480,2.23870192307692,3509.824,2.67446967055367,-0.195,-0.205,-0.219,0.077,-0.151
2015-01-01,ISR,ILS,Israel,17.5,3.93415,4.44822896940889,36926.33,3.98048566446548,0.075,0.061,0.043,0.437,0.134
2015-01-01,JPN,JPY,Japan,370,117.765,3.14185029507918,38467.786,4.04073032888106,-0.252,-0.262,-0.274,0,-0.211
2015-01-01,MYS,MYR,Malaysia,7.63,3.6155,2.11035818005808,10456.887,2.94598146142471,-0.311,-0.32,-0.332,-0.079,-0.273
2015-01-01,MEX,MXN,Mexico,49,14.6275,3.34985472568792,10649.907,2.95352525451741,0.091,0.077,0.058,0.459,0.151
2015-01-01,NZL,NZD,New Zealand,5.9,1.313283866,4.49255500105261,40515.94,4.12077825136567,0.049,0.035,0.017,0.402,0.106
2015-01-01,NOR,NOK,Norway,48,7.6225,6.29714660544441,100578.968,6.46821921993292,-0.063,-0.076,-0.092,0.252,-0.012
2015-01-01,PAK,PKR,Pakistan,300,100.735,2.97811088499528,1274.756,2.58711659553498,0.108,0.093,0.074,0.48,0.168
2015-01-01,PER,PEN,Peru,10,3.008,3.32446808510638,6540.989,2.79293657341256,0.145,0.13,0.111,0.531,0.208
2015-01-01,PHL,PHP,Philippines,163,44.41,3.67034451700068,2790.878,2.64637113222177,0.334,0.317,0.294,0.784,0.407
2015-01-01,POL,PLN,Poland,9.2,3.7066,2.48205902983867,13435.263,3.06238521386619,-0.22,-0.231,-0.244,0.042,-0.178
2015-01-01,RUS,RUB,Russia,89,65.227,1.36446563539639,14591.33,3.10756773510385,-0.578,-0.583,-0.59,-0.435,-0.555
2015-01-01,SAU,SAR,Saudi Arabia,11,3.7569,2.92794591285368,24953.086,3.51253583862167,-0.198,-0.209,-0.222,0.072,-0.154
2015-01-01,SGP,SGD,Singapore,4.7,1.33315,3.5254847541537,55182.483,4.69399017643634,-0.277,-0.287,-0.299,-0.034,-0.238
2015-01-01,ZAF,ZAR,South Africa,25.5,11.47875,2.22149624305782,6621.122,2.79606840830997,-0.236,-0.246,-0.259,0.022,-0.194
2015-01-01,KOR,KRW,South Korea,4100,1083.3,3.78473183790271,25975.068,3.55247792106111,0.025,0.011,-0.006,0.37,0.081
2015-01-01,SWE,SEK,Sweden,40.7,8.19145,4.96859530363977,58014.168,4.8046608102758,-0.005,-0.018,-0.035,0.33,0.049
2015-01-01,CHE,CHF,Switzerland,6.5,0.86165,7.54366622178379,81276.126,5.71380700281025,0.27,0.253,0.232,0.698,0.339
2015-01-01,TWN,TWD,Taiwan,79,31.493,2.50849395103674,20924.921,3.35510322384992,-0.281,-0.29,-0.302,-0.038,-0.241
2015-01-01,THA,THB,Thailand,99,32.605,3.03634411900015,5675.8,2.75912242564509,0.059,0.045,0.027,0.415,0.116
2015-01-01,TUR,TRY,Turkey,9.25,2.33345,3.96408750991022,10721.063,2.95630624167575,0.29,0.273,0.251,0.725,0.36
2015-01-01,USA,USD,United States,4.79,1,4.79,53000.972,4.60873026754896,0,-0.013,-0.03,0.337,0.054
2015-07-01,ARG,ARS,Argentina,28,9.135,3.06513409961686,12873.16,2.96980358360127,-0.048,-0.004,-0.06,0.309,0.05
2015-07-01,AUS,AUD,Australia,5.3,1.35126005,3.92226499999019,61219.156,4.65038936583375,-0.222,-0.186,-0.232,0.069,-0.142
2015-07-01,BRA,BRL,Brazil,13.5,3.15235,4.28251939029613,11604.471,2.92570188187038,0.351,0.413,0.333,0.856,0.49
2015-07-01,GBR,GBP,Britain,2.89,0.640450877,4.51244600294302,45653.41,4.10929861206291,0.013,0.06,0,0.392,0.117
2015-07-01,CAN,CAD,Canada,5.85,1.2897,4.53593859036985,50397.862,4.27422351247626,-0.021,0.025,-0.034,0.346,0.08
2015-07-01,CHL,CLP,Chile,2100,642.45,3.26873686668223,14477.099,3.02555912288043,-0.003,0.043,-0.016,0.37,0.099
2015-07-01,CHN,CNY,China,17,6.2092,2.73787283385943,7588.996,2.78611741258134,-0.093,-0.051,-0.105,0.246,0
2015-07-01,COL,COP,Colombia,7900,2708.9,2.91631289453284,8075.644,2.80303409188094,-0.04,0.004,-0.053,0.319,0.059
2015-07-01,CZE,CZK,Czech Republic,70,24.70225,2.83374996204799,19563.33,3.20236481954557,-0.183,-0.146,-0.194,0.122,-0.1
2015-07-01,DNK,DKK,Denmark,34.59,6.81105,5.07851212368137,60563.623,4.62760196810211,0.013,0.06,-0.001,0.391,0.117
2015-07-01,EGY,EGP,Egypt,16.93,7.83005,2.16218287239545,3303.752,2.63715533225111,-0.243,-0.208,-0.253,0.04,-0.166
2015-07-01,EUZ,EUR,Euro area,3.7,0.912700224,4.05390499827466,40028.39054,3.91376374854997,-0.044,0,-0.057,0.313,0.054
2015-07-01,HKG,HKD,Hong Kong,19.2,7.7508,2.47716364762347,39871.096,3.90829593343769,-0.415,-0.388,-0.423,-0.196,-0.355
2015-07-01,HUN,HUF,Hungary,900,282.8778,3.18158582964093,13881.131,3.00484230183354,-0.023,0.022,-0.036,0.342,0.077
2015-07-01,IND,INR,India,116.25,63.43,1.83272899259026,1626.982,2.57886806846045,-0.344,-0.314,-0.353,-0.099,-0.277
2015-07-01,IDN,IDR,Indonesia,30500,13344.5,2.28558582187418,3533.529,2.64514275605522,-0.203,-0.166,-0.213,0.096,-0.121
2015-07-01,ISR,ILS,Israel,17.5,3.77835,4.63165138221711,36990.982,3.80817846684111,0.122,0.174,0.108,0.542,0.238
2015-07-01,JPN,JPY,Japan,370,123.935,2.98543591398717,36331.742,3.785262207735,-0.272,-0.239,-0.282,0,-0.197
2015-07-01,MYS,MYR,Malaysia,7.65,3.8065,2.00972021542099,10803.525,2.89785969076243,-0.36,-0.33,-0.368,-0.121,-0.294
2015-07-01,MEX,MXN,Mexico,49,15.73975,3.1131371209835,10714.826,2.89477636865447,-0.008,0.038,-0.021,0.364,0.094
2015-07-01,NZL,NZD,New Zealand,5.9,1.509092281,3.90963499998182,43837.294,4.04616745372489,-0.108,-0.067,-0.12,0.225,-0.017
2015-07-01,NOR,NOK,Norway,46,8.14255,5.6493358960031,97013.261,5.89465091648494,-0.116,-0.075,-0.127,0.215,-0.025
2015-07-01,PAK,PKR,Pakistan,350,101.7,3.44149459193707,1342.73,2.56898700468485,0.236,0.293,0.22,0.699,0.363
2015-07-01,PER,PEN,Peru,10,3.1835,3.14119679597927,6458.287,2.74681212100678,0.055,0.104,0.041,0.45,0.164
2015-07-01,PHL,PHP,Philippines,163,45.2125,3.6051976776334,2865.485,2.62192045552995,0.269,0.327,0.252,0.743,0.399
2015-07-01,POL,PLN,Poland,9.6,3.7736,2.5439898240407,14378.622,3.02213590152251,-0.223,-0.187,-0.233,0.067,-0.143
2015-07-01,RUS,RUB,Russia,107,56.815,1.88330546510605,12925.964,2.97163913688359,-0.415,-0.388,-0.423,-0.196,-0.355
2015-07-01,SAU,SAR,Saudi Arabia,12,3.75055,3.19953073549213,24454.016,3.37237305263613,-0.125,-0.084,-0.136,0.203,-0.035
2015-07-01,SGP,SGD,Singapore,4.7,1.3664,3.43969555035129,56319.338,4.48006368950831,-0.291,-0.259,-0.301,-0.027,-0.219
2015-07-01,ZAF,ZAR,South Africa,26,12.41455,2.0943167492982,6482.753,2.74766259912597,-0.297,-0.264,-0.306,-0.034,-0.224
2015-07-01,KOR,KRW,South Korea,4300,1143.5,3.76038478355925,28100.717,3.4991383353837,-0.008,0.038,-0.021,0.363,0.094
2015-07-01,SWE,SEK,Sweden,43.7,8.52265,5.12751315611928,58491.468,4.55557047594748,0.039,0.087,0.025,0.427,0.145
2015-07-01,CHE,CHF,Switzerland,6.5,0.9528,6.82199832073888,87475.464,5.56310151512357,0.132,0.184,0.117,0.555,0.248
2015-07-01,TWN,TWD,Taiwan,79,31.02,2.54674403610574,22597.73,3.30784551949032,-0.29,-0.257,-0.299,-0.024,-0.217
2015-07-01,THA,THB,Thailand,108,34.0875,3.16831683168317,5444.556,2.71157317576697,0.078,0.128,0.064,0.481,0.189
2015-07-01,TUR,TRY,Turkey,10.25,2.6457,3.8742109838606,10482.14,2.88668782325922,0.238,0.296,0.222,0.702,0.366
2015-07-01,USA,USD,United States,4.79,1,4.79,54596.653,4.42018034532682,0,0.046,-0.013,0.374,0.103
2016-01-01,ARG,ARS,Argentina,33,13.80925,2.3897025544472,12735.196,2.74447364606715,-0.247,-0.186,-0.185,0.006,-0.171
2016-01-01,AUS,AUD,Australia,5.3,1.415728746,3.74365500098421,61066.154,4.50951147296301,-0.282,-0.224,-0.223,-0.041,-0.209
2016-01-01,BRA,BRL,Brazil,13.5,4.0248,3.35420393559928,11572.7,2.70201950283219,0.074,0.161,0.161,0.434,0.182
2016-01-01,GBR,GBP,Britain,2.89,0.684532977,4.22185650232012,45729.267,3.94941113930466,-0.075,0,0,0.235,0.018
2016-01-01,CAN,CAD,Canada,5.84,1.4092,4.14419528810673,50304.025,4.11648047235812,-0.129,-0.058,-0.058,0.163,-0.041
2016-01-01,CHL,CLP,Chile,2100,715.215,2.93618002978125,14479.829,2.80818732703848,-0.095,-0.022,-0.022,0.208,-0.004
2016-01-01,CHN,CNY,China,17.6,6.5582,2.68366320026837,7571.543,2.55589797434212,-0.092,-0.018,-0.018,0.213,0
2016-01-01,COL,COP,Colombia,7900,3253.9,2.42785580380467,7928.061,2.56891794708856,-0.182,-0.116,-0.116,0.092,-0.1
2016-01-01,CZE,CZK,Czech Republic,75,25.1442,2.98279523707257,19526.401,2.9924872218627,-0.138,-0.068,-0.068,0.151,-0.051
2016-01-01,DNK,DKK,Denmark,30,6.9405,4.32245515452777,60947.383,4.50517397756848,-0.17,-0.103,-0.102,0.108,-0.086
2016-01-01,EGY,EGP,Egypt,16.93,7.83005,2.16218287239545,3303.752,2.40003902049549,-0.221,-0.157,-0.157,0.041,-0.142
2016-01-01,EUZ,EUR,Euro area,3.72,0.930232558,3.99900000059985,40001.31716,3.74022744925321,-0.075,0,0,0.235,0.018
2016-01-01,HKG,HKD,Hong Kong,19.2,7.75235,2.4766683650764,40032.534,3.74136748259242,-0.427,-0.381,-0.381,-0.235,-0.37
2016-01-01,HUN,HUF,Hungary,900,292.67905,3.07504073147702,13869.538,2.78589961032461,-0.045,0.032,0.033,0.275,0.051
2016-01-01,IND,INR,India,127,66.8025,1.90112645484825,1607.646,2.33809753676936,-0.297,-0.24,-0.239,-0.061,-0.226
2016-01-01,IDN,IDR,Indonesia,30500,13947.5,2.18677182290733,3524.075,2.40808517652523,-0.214,-0.151,-0.151,0.049,-0.135
2016-01-01,ISR,ILS,Israel,16.9,3.94105,4.28819730782406,37222.384,3.63874131389013,0.02,0.102,0.102,0.361,0.122
2016-01-01,JPN,JPY,Japan,370,118.645,3.11854692570273,36221.812,3.60220060578886,-0.251,-0.19,-0.19,0,-0.175
2016-01-01,MYS,MYR,Malaysia,8,4.3925,1.82128628343768,11049.28,2.68290429929424,-0.413,-0.365,-0.365,-0.216,-0.353
2016-01-01,MEX,MXN,Mexico,49,17.43675,2.81015670924914,10784.464,2.67323326696819,-0.091,-0.017,-0.017,0.214,0.001
2016-01-01,NZL,NZD,New Zealand,5.9,1.508068165,3.91228999917255,43363.232,3.86300396991316,-0.124,-0.053,-0.053,0.17,-0.035
2016-01-01,NOR,NOK,Norway,46.8,8.97465,5.21468803797363,96930.485,5.81927034120877,-0.225,-0.162,-0.162,0.035,-0.147
2016-01-01,PAK,PKR,Pakistan,300,104.885,2.86027553987701,1325.79,2.32780420673155,0.063,0.149,0.149,0.419,0.17
2016-01-01,PER,PEN,Peru,10,3.418,2.92568753657109,6448.534,2.51488588919073,0.006,0.088,0.088,0.344,0.108
2016-01-01,PHL,PHP,Philippines,131,47.0225,2.78590036684566,2862.38,2.38392019504757,0.011,0.093,0.093,0.35,0.113
2016-01-01,POL,PLN,Poland,9.6,4.0477,2.37171727153692,14411.495,2.805691781743,-0.269,-0.209,-0.209,-0.024,-0.195
2016-01-01,RUS,RUB,Russia,114,74.655,1.52702431183444,12717.687,2.7438342205604,-0.519,-0.479,-0.479,-0.357,-0.47
2016-01-01,SAU,SAR,Saudi Arabia,12,3.7543,3.19633486934981,24252.173,3.16507155882712,-0.126,-0.055,-0.055,0.166,-0.038
2016-01-01,SGP,SGD,Singapore,4.7,1.43725,3.27013393633675,56286.553,4.33496131067429,-0.347,-0.294,-0.294,-0.129,-0.282
2016-01-01,ZAF,ZAR,South Africa,28,15.81375,1.77061101889179,6482.753,2.51613556086904,-0.391,-0.342,-0.342,-0.187,-0.33
2016-01-01,KOR,KRW,South Korea,4300,1197.75,3.59006470465456,27970.494,3.30086396785698,-0.059,0.017,0.017,0.256,0.036
2016-01-01,SWE,SEK,Sweden,45,8.60185,5.23143277318251,58538.061,4.4171859747821,0.025,0.108,0.108,0.368,0.128
2016-01-01,CHE,CHF,Switzerland,6.5,1.0088,6.44329896907217,86468.355,5.43719524971354,0.025,0.108,0.109,0.369,0.129
2016-01-01,TWN,TWD,Taiwan,69,33.2315,2.07634322856326,22599.765,3.10472591814138,-0.421,-0.375,-0.374,-0.228,-0.363
2016-01-01,THA,THB,Thailand,112,36.22,3.09221424627278,5896.361,2.49472063130383,0.072,0.159,0.16,0.432,0.18
2016-01-01,TUR,TRY,Turkey,10.25,3.0096,3.40576820839979,10381.025,2.65849974780548,0.108,0.198,0.198,0.48,0.22
2016-01-01,USA,USD,United States,4.93,1,4.93,54369.826,4.26496278801242,0,0.081,0.081,0.335,0.101
2016-07-01,ARG,ARS,Argentina,50,14.935,3.3478406427854,13588.846,3.12301257961869,0.021,0.004,0.176,0.198,0.116
2016-07-01,AUS,AUD,Australia,5.75,1.335737661,4.30473750039754,50961.865,4.60669972300758,-0.11,-0.125,0.025,0.044,-0.027
2016-07-01,BRA,BRL,Brazil,15.5,3.24145,4.78181060944948,8669.998,2.92773717149915,0.555,0.53,0.791,0.825,0.701
2016-07-01,GBR,GBP,Britain,2.99,0.758840492,3.94022199859098,43770.688,4.32121417364016,-0.132,-0.146,0,0.019,-0.05
2016-07-01,CAN,CAD,Canada,6,1.303,4.60475825019187,43331.961,4.30379696660753,0.019,0.002,0.173,0.195,0.114
2016-07-01,CHL,CLP,Chile,2300,651.12,3.53237498464185,13340.905,3.11316946595375,0.08,0.063,0.244,0.268,0.182
2016-07-01,CHN,CNY,China,18.6,6.678,2.78526504941599,7989.72,2.90073053008947,-0.086,-0.101,0.053,0.073,0
2016-07-01,COL,COP,Colombia,8900,2929,3.03857972004097,6083.51,2.82505510045401,0.024,0.007,0.18,0.202,0.12
2016-07-01,CZE,CZK,Czech Republic,75,24.54655,3.05541919332859,17256.918,3.26863290714494,-0.11,-0.124,0.025,0.044,-0.026
2016-07-01,DNK,DKK,Denmark,30,6.75715,4.43974160703847,52114.165,4.65244536360801,-0.091,-0.106,0.047,0.066,-0.006
2016-07-01,EGY,EGP,Egypt,23,8.87995,2.5901046740128,3740.249,2.73202900001228,-0.097,-0.112,0.04,0.059,-0.013
2016-07-01,EUZ,EUR,Euro area,3.82,0.908306463,4.20562899815015,34142.38535,3.93897615175432,0.017,0,0.171,0.193,0.112
2016-07-01,HKG,HKD,Hong Kong,19.2,7.7554,2.4756943549011,42389.63,4.26638697333091,-0.447,-0.457,-0.364,-0.352,-0.396
2016-07-01,HUN,HUF,Hungary,900,285.6397,3.15082252221943,12239.894,3.06945996885827,-0.023,-0.039,0.126,0.147,0.069
2016-07-01,IND,INR,India,162,67.2,2.41071428571429,1617.309,2.64774951528063,-0.133,-0.147,-0.001,0.017,-0.052
2016-07-01,IDN,IDR,Indonesia,31000,13112.5,2.36415633937083,3362.357,2.71702690713909,-0.171,-0.185,-0.046,-0.028,-0.094
2016-07-01,ISR,ILS,Israel,16.9,3.85875,4.37965662455458,35343.336,3.98665319489738,0.046,0.029,0.205,0.227,0.144
2016-07-01,JPN,JPY,Japan,370,106.725,3.46685406418365,32485.545,3.87320055235886,-0.148,-0.162,-0.018,0,-0.068
2016-07-01,MYS,MYR,Malaysia,8,4.027,1.9865905140303,9556.774,2.96294166354904,-0.362,-0.372,-0.265,-0.251,-0.302
2016-07-01,MEX,MXN,Mexico,44,18.535,2.37388724035608,9009.28,2.94120646980185,-0.231,-0.244,-0.115,-0.098,-0.159
2016-07-01,NZL,NZD,New Zealand,6,1.421363087,4.22130000059584,37044.891,4.05420393992199,-0.009,-0.025,0.142,0.163,0.084
2016-07-01,NOR,NOK,Norway,46.8,8.49355,5.51006351878779,74822.106,5.55393742970343,-0.055,-0.071,0.088,0.108,0.033
2016-07-01,PAK,PKR,Pakistan,375,104.82,3.57756153405839,1449.978,2.64110657178735,0.29,0.269,0.486,0.513,0.411
2016-07-01,PER,PEN,Peru,10,3.30585,3.02494063554003,6021.104,2.8225776185072,0.02,0.004,0.175,0.197,0.116
2016-07-01,PHL,PHP,Philippines,133,47.115,2.82288018677704,2858.144,2.69700994394889,-0.003,-0.02,0.148,0.169,0.09
2016-07-01,POL,PLN,Poland,9.6,3.96565,2.42078852142776,12495.334,3.07960078846686,-0.252,-0.264,-0.138,-0.122,-0.181
2016-07-01,RUS,RUB,Russia,130,63.40755,2.05022903423961,9054.914,2.94301811309193,-0.337,-0.348,-0.236,-0.222,-0.274
2016-07-01,SAU,SAR,Saudi Arabia,12,3.7505,3.19957339021464,20812.586,3.40979086116945,-0.107,-0.121,0.029,0.048,-0.023
2016-07-01,SGP,SGD,Singapore,5.45,1.3577,4.01414156293732,52887.77,4.68315703270173,-0.184,-0.197,-0.06,-0.042,-0.107
2016-07-01,ZAF,ZAR,South Africa,30,14.27375,2.10176022418776,5694.572,2.80961448779771,-0.288,-0.299,-0.18,-0.164,-0.221
2016-07-01,KOR,KRW,South Korea,4400,1140.95,3.85643542661817,27195.197,3.66317681005286,0.002,-0.014,0.155,0.176,0.096
2016-07-01,SWE,SEK,Sweden,44.94,8.59485,5.22871254297632,49866.266,4.56320507916814,0.091,0.073,0.257,0.28,0.193
2016-07-01,CHE,CHF,Switzerland,6.5,0.9861,6.59162356758949,80675.308,5.78630614883362,0.085,0.067,0.249,0.273,0.186
2016-07-01,TWN,TWD,Taiwan,69,32.029,2.15429766773861,22287.562,3.46834655151941,-0.409,-0.418,-0.319,-0.306,-0.353
2016-07-01,THA,THB,Thailand,119,34.965,3.4034034034034,5742.282,2.81150854708179,0.153,0.134,0.328,0.352,0.261
2016-07-01,TUR,TRY,Turkey,10.75,3.04305,3.53263995005011,9437.372,2.95820147351262,0.137,0.118,0.31,0.334,0.244
2016-07-01,USA,USD,United States,5.04,1,5.04,55805.204,4.79897746769216,0,-0.016,0.152,0.173,0.094
2017-01-01,ARG,ARS,Argentina,55,15.8575,3.46839035156866,13588.846,3.02291141594315,0.063,0.083,0.296,0.327,0.136
2017-01-01,AUS,AUD,Australia,5.8,1.356668023,4.27518000105469,50961.865,4.49562658250832,-0.119,-0.103,0.074,0.1,-0.058
2017-01-01,BRA,BRL,Brazil,16.5,3.22395,5.11794537756479,8669.998,2.82908008399674,0.676,0.707,1.044,1.093,0.792
2017-01-01,GBR,GBP,Britain,3.09,0.82877507,3.72839400200588,43770.688,4.21225222002092,-0.18,-0.165,0,0.024,-0.123
2017-01-01,CAN,CAD,Canada,5.98,1.326,4.50980392156863,43331.961,4.19496381453027,-0.004,0.014,0.215,0.243,0.065
2017-01-01,CHL,CLP,Chile,2450,672.805,3.64147115434636,13340.905,3.01314109283617,0.119,0.14,0.365,0.398,0.197
2017-01-01,CHN,CNY,China,19.6,6.9266,2.82967112291745,7989.72,2.80227315870979,-0.065,-0.047,0.141,0.168,0
2017-01-01,COL,COP,Colombia,9900,2994.625,3.30592311224277,6083.51,2.72715735450735,0.123,0.144,0.37,0.402,0.2
2017-01-01,CZE,CZK,Czech Republic,75,25.81175,2.90565343302953,17256.918,3.16745487031201,-0.15,-0.134,0.036,0.061,-0.092
2017-01-01,DNK,DKK,Denmark,30,7.10125,4.22460834360148,52114.165,4.54103393069267,-0.138,-0.122,0.051,0.076,-0.079
2017-01-01,EGY,EGP,Egypt,27.49,18.77,1.46457112413426,3740.249,2.63481918900028,-0.485,-0.475,-0.372,-0.357,-0.45
2017-01-01,EUZ,EUR,Euro area,3.88,0.955246692,4.06177800194884,34142.38535,3.83284087674853,-0.018,0,0.197,0.226,0.049
2017-01-01,HKG,HKD,Hong Kong,19.2,7.75595,2.47551879524752,42389.63,4.15783047093755,-0.449,-0.438,-0.327,-0.311,-0.41
2017-01-01,HUN,HUF,Hungary,900,294.6172,3.05481146382492,12239.894,2.96975483072406,-0.047,-0.029,0.162,0.19,0.019
2017-01-01,IND,INR,India,170,68.3275,2.48801726976693,1617.309,2.55116295732931,-0.097,-0.08,0.102,0.128,-0.034
2017-01-01,IDN,IDR,Indonesia,31000,13329,2.32575587065796,3362.357,2.61992803772017,-0.178,-0.162,0.003,0.027,-0.121
2017-01-01,ISR,ILS,Israel,16.9,3.855,4.38391699092088,35343.336,3.88016534460999,0.046,0.066,0.276,0.307,0.119
2017-01-01,JPN,JPY,Japan,380,116.665,3.25718938841983,32485.545,3.76755169280484,-0.199,-0.184,-0.023,0,-0.144
2017-01-01,MYS,MYR,Malaysia,8,4.4715,1.78910880017891,9556.774,2.86402423620842,-0.421,-0.411,-0.294,-0.277,-0.381
2017-01-01,MEX,MXN,Mexico,49,21.9505,2.23229539190451,9009.28,2.84244977583626,-0.273,-0.259,-0.113,-0.092,-0.222
2017-01-01,NZL,NZD,New Zealand,6,1.43358899,4.18530000010673,37044.891,3.94721654684883,-0.018,0.001,0.198,0.226,0.05
2017-01-01,NOR,NOK,Norway,49,8.64835,5.66582064786925,74822.106,5.43585939588099,-0.035,-0.016,0.178,0.206,0.032
2017-01-01,PAK,PKR,Pakistan,375,104.775,3.57909806728704,1449.978,2.54456913889744,0.303,0.327,0.589,0.627,0.393
2017-01-01,PER,PEN,Peru,11,3.3929,3.2420643107666,6021.104,2.72469819372388,0.102,0.123,0.344,0.376,0.178
2017-01-01,PHL,PHP,Philippines,133,49.615,2.68064093520105,2858.144,2.60005910146219,-0.045,-0.027,0.165,0.193,0.021
2017-01-01,POL,PLN,Poland,9.6,4.17215,2.30097192095203,12495.334,2.97982065821708,-0.285,-0.271,-0.128,-0.107,-0.235
2017-01-01,RUS,RUB,Russia,130,60.4375,2.15098241985522,9054.914,2.84424802188941,-0.3,-0.286,-0.146,-0.125,-0.251
2017-01-01,SAU,SAR,Saudi Arabia,12,3.75065,3.19944542945889,20812.586,3.30756895076322,-0.104,-0.087,0.093,0.119,-0.042
2017-01-01,SGP,SGD,Singapore,5.6,1.43875,3.89226759339705,52887.77,4.57151848470824,-0.211,-0.197,-0.038,-0.015,-0.157
2017-01-01,ZAF,ZAR,South Africa,26.32,13.9525,1.88640028668697,5694.572,2.71183092633055,-0.356,-0.344,-0.214,-0.195,-0.311
2017-01-01,KOR,KRW,South Korea,4400,1196.45,3.67754607380166,27195.197,3.55908109170066,-0.043,-0.025,0.167,0.195,0.023
2017-01-01,SWE,SEK,Sweden,48,9.12455,5.26053339616748,49866.266,4.45245358479643,0.094,0.115,0.335,0.367,0.17
2017-01-01,CHE,CHF,Switzerland,6.5,1.0236,6.35013677217663,80675.308,5.66650973104309,0.038,0.057,0.266,0.296,0.11
2017-01-01,TWN,TWD,Taiwan,69,31.905,2.16267042783263,22287.562,3.36569161742602,-0.405,-0.394,-0.274,-0.257,-0.364
2017-01-01,THA,THB,Thailand,119,35.573,3.34523374469401,5742.282,2.71371097890529,0.142,0.163,0.393,0.426,0.221
2017-01-01,TUR,TRY,Turkey,10.75,3.91115,2.74855221610012,9437.372,2.85931910023002,-0.11,-0.093,0.086,0.112,-0.048
2017-01-01,USA,USD,United States,5.06,1,5.06,55805.204,4.68648241896394,0,0.019,0.22,0.249,0.069
2017-07-01,ARG,ARS,Argentina,70,16.9675,4.12553410932665,12502.822,3.20032925825803,0.207,0.189,0.403,0.64,0.335
2017-07-01,AUS,AUD,Australia,5.9,1.303016483,4.52795500055083,51850.269,4.80322695271189,-0.117,-0.13,0.026,0.199,-0.024
2017-07-01,BRA,BRL,Brazil,16.5,3.2343,5.10156757258139,8726.901,3.04650949289079,0.569,0.545,0.822,1.131,0.734
2017-07-01,GBR,GBP,Britain,3.19,0.775885479,4.11143150160695,43770.688,4.47408890832865,-0.139,-0.152,0,0.169,-0.048
2017-07-01,CAN,CAD,Canada,5.97,1.2823,4.65569679482181,42210.132,4.41051650896901,-0.011,-0.026,0.149,0.343,0.093
2017-07-01,CHL,CLP,Chile,2550,663.355,3.84409554461789,13575.996,3.24404716784307,0.11,0.093,0.289,0.508,0.227
2017-07-01,CHN,CNY,China,19.8,6.7875,2.9171270718232,8113.257,3.0215114656283,-0.096,-0.109,0.051,0.228,0
2017-07-01,COL,COP,Colombia,9900,3052.16,3.24360452925142,5792.182,2.92695778934647,0.038,0.022,0.206,0.41,0.148
2017-07-01,CZE,CZK,Czech Republic,75,22.8561,3.28139971386194,18286.333,3.43593225551853,-0.105,-0.119,0.039,0.215,-0.011
2017-07-01,DNK,DKK,Denmark,30,6.51255,4.60649054517816,53743.966,4.88037052330477,-0.116,-0.129,0.027,0.201,-0.022
2017-07-01,EGY,EGP,Egypt,31.37,17.885,1.75398378529494,3684.574,2.84110012229091,-0.422,-0.43,-0.328,-0.215,-0.361
2017-07-01,EUZ,EUR,Euro area,3.91,0.875695083,4.46502449985779,35066.00744,4.11948617131801,0.015,0,0.179,0.379,0.123
2017-07-01,HKG,HKD,Hong Kong,19.2,7.8115,2.45791461307047,43527.994,4.46420227824925,-0.484,-0.492,-0.401,-0.299,-0.43
2017-07-01,HUN,HUF,Hungary,862,268.6239,3.20894752849616,12778.288,3.21155092192278,-0.064,-0.078,0.087,0.271,0.035
2017-07-01,IND,INR,India,178,64.5575,2.75723192502808,1723.301,2.76120370690481,-0.065,-0.079,0.087,0.271,0.034
2017-07-01,IDN,IDR,Indonesia,32126,13369.5,2.40293204682299,3604.291,2.83782963219777,-0.207,-0.219,-0.079,0.077,-0.123
2017-07-01,ISR,ILS,Israel,16.9,3.5405,4.77333709927976,37262.4,4.20896065667762,0.062,0.046,0.234,0.443,0.175
2017-07-01,JPN,JPY,Japan,380,113.06,3.36104723155846,38917.286,4.27637577903572,-0.264,-0.275,-0.145,0,-0.186
2017-07-01,MYS,MYR,Malaysia,8.6,4.2935,2.00302783277047,9556.774,3.08031604502592,-0.391,-0.4,-0.292,-0.173,-0.326
2017-07-01,MEX,MXN,Mexico,49,17.79075,2.75424026530641,9009.28,3.05801277156761,-0.156,-0.169,-0.02,0.146,-0.067
2017-07-01,NZL,NZD,New Zealand,6.1,1.376273053,4.43225999862689,37044.891,4.20009998842072,-0.012,-0.026,0.148,0.343,0.093
2017-07-01,NOR,NOK,Norway,49,8.2852,5.91416018925313,74822.106,5.73903111211948,-0.035,-0.049,0.121,0.311,0.067
2017-07-01,PAK,PKR,Pakistan,375,105.15,3.56633380884451,1449.978,2.75006934267169,0.215,0.196,0.411,0.65,0.343
2017-07-01,PER,PEN,Peru,10.5,3.2515,3.22927879440258,6021.104,2.93628338920076,0.03,0.015,0.197,0.399,0.139
2017-07-01,PHL,PHP,Philippines,134,50.5765,2.64945182050953,2858.144,2.80743382771206,-0.116,-0.129,0.027,0.201,-0.023
2017-07-01,POL,PLN,Poland,10.1,3.7086,2.72339966564202,12495.334,3.20002421946006,-0.203,-0.215,-0.074,0.083,-0.118
2017-07-01,RUS,RUB,Russia,137,60.1369,2.27813538775694,9054.914,3.05987176469081,-0.303,-0.313,-0.19,-0.053,-0.229
2017-07-01,SAU,SAR,Saudi Arabia,12,3.75015,3.1998720051198,20812.586,3.53884427187647,-0.153,-0.166,-0.016,0.15,-0.063
2017-07-01,SGP,SGD,Singapore,5.6,1.3777,4.06474559047688,52887.77,4.84549165061957,-0.214,-0.226,-0.087,0.067,-0.131
2017-07-01,ZAF,ZAR,South Africa,30,13.27,2.26073850791259,5694.572,2.92298144892582,-0.276,-0.286,-0.158,-0.016,-0.199
2017-07-01,KOR,KRW,South Korea,4400,1144.65,3.84396977241952,27538.806,3.81285042354342,-0.056,-0.07,0.097,0.283,0.044
2017-07-01,SWE,SEK,Sweden,48.97,8.41565,5.81892070131244,49866.266,4.72240458488484,0.154,0.137,0.341,0.568,0.276
2017-07-01,CHE,CHF,Switzerland,6.5,0.96415,6.74168957112483,80675.308,5.9774731129683,0.056,0.041,0.227,0.435,0.168
2017-07-01,TWN,TWD,Taiwan,69,30.4775,2.26396522024444,22287.562,3.59893039715354,-0.411,-0.42,-0.315,-0.2,-0.348
2017-07-01,THA,THB,Thailand,119,34.0365,3.49624667636214,5742.282,2.92492501210038,0.12,0.103,0.301,0.521,0.238
2017-07-01,TUR,TRY,Turkey,10.75,3.57605,3.00611009353896,9437.372,3.07545196348809,-0.084,-0.098,0.064,0.244,0.012
2017-07-01,USA,USD,United States,5.3,1,5.3,55805.204,4.96433921479118,0,-0.015,0.162,0.358,0.106
2018-01-01,ARG,ARS,Argentina,75,18.9375,3.96039603960396,12493.909,3.36905306947493,0.187,0.059,0.216,0.547,0.178
2018-01-01,AUS,AUD,Australia,5.9,1.253682693,4.70613499966375,51737.228,5.0742552653013,-0.064,-0.165,-0.04,0.22,-0.07
2018-01-01,BRA,BRL,Brazil,16.5,3.2279,5.11168251804579,8726.901,3.20536889400304,0.61,0.436,0.65,1.098,0.598
2018-01-01,GBR,GBP,Britain,3.19,0.72285673,4.41304599875552,40049.779,4.56641178502868,-0.025,-0.13,0,0.272,-0.031
2018-01-01,CAN,CAD,Canada,6.55,1.2459,5.25724375953126,42224.939,4.66092692041449,0.138,0.016,0.167,0.484,0.131
2018-01-01,CHL,CLP,Chile,2600,605.935,4.29088928680469,13575.996,3.41607195512207,0.268,0.131,0.3,0.653,0.259
2018-01-01,CHN,CNY,China,20.4,6.432,3.17164179104478,8123.256,3.17913928841082,0.007,-0.101,0.032,0.313,0
2018-01-01,COL,COP,Colombia,10900,2844.12,3.83246839092584,5792.182,3.07784937194291,0.257,0.121,0.288,0.638,0.248
2018-01-01,CZE,CZK,Czech Republic,79,20.747,3.80777943799104,18507.729,3.63036580577291,0.059,-0.055,0.085,0.38,0.051
2018-01-01,DNK,DKK,Denmark,30,6.0827,4.93202031992372,53744.643,5.1614815385412,-0.036,-0.139,-0.011,0.257,-0.042
2018-01-01,EGY,EGP,Egypt,34.21,17.7,1.93276836158192,3684.574,2.9862695086408,-0.347,-0.417,-0.33,-0.148,-0.351
2018-01-01,EUZ,EUR,Euro area,3.95,0.816826629,4.8357874973246,35189.71087,4.35523191904584,0.121,0,0.149,0.461,0.113
2018-01-01,HKG,HKD,Hong Kong,20.5,7.819,2.62181864688579,43561.08,4.71898497017154,-0.439,-0.5,-0.425,-0.269,-0.443
2018-01-01,HUN,HUF,Hungary,864,252.14215,3.42663850530346,12652.454,3.37594217286951,0.025,-0.086,0.05,0.336,0.017
2018-01-01,IND,INR,India,180,63.86125,2.81861065982893,1741.652,2.90184558769977,-0.02,-0.125,0.005,0.278,-0.026
2018-01-01,IDN,IDR,Indonesia,35750,13359,2.67609851036754,3604.291,2.98278104865892,-0.094,-0.192,-0.072,0.181,-0.101
2018-01-01,ISR,ILS,Israel,16.5,3.43635,4.80160635558078,37192.14,4.4422415460721,0.091,-0.027,0.118,0.422,0.083
2018-01-01,JPN,JPY,Japan,380,110.725,3.43192594265071,38882.636,4.51569704282139,-0.233,-0.316,-0.214,0,-0.238
2018-01-01,MYS,MYR,Malaysia,9,3.954,2.27617602427921,9374.099,3.23349096621448,-0.289,-0.366,-0.272,-0.074,-0.294
2018-01-01,MEX,MXN,Mexico,48,18.6635,2.57186486993329,8562.16,3.19821056177985,-0.188,-0.276,-0.168,0.058,-0.194
2018-01-01,NZL,NZD,New Zealand,6.2,1.374664925,4.51019000139252,38277.934,4.48942150842481,0.014,-0.095,0.04,0.322,0.007
2018-01-01,NOR,NOK,Norway,49,7.8501,6.24195870116304,70553.114,5.8918438623213,0.069,-0.046,0.096,0.394,0.062
2018-01-01,PAK,PKR,Pakistan,375,110.505,3.39351160580969,1440.967,2.8887802115971,0.186,0.058,0.216,0.546,0.177
2018-01-01,PER,PEN,Peru,10.5,3.212,3.26899128268991,6203.656,3.09572875590443,0.066,-0.049,0.093,0.389,0.058
2018-01-01,PHL,PHP,Philippines,134,50.725,2.64169541646131,2926.6,2.953333993447,-0.097,-0.194,-0.074,0.177,-0.103
2018-01-01,POL,PLN,Poland,10.1,3.40575,2.96557292813624,12361.266,3.36328946077351,-0.11,-0.206,-0.088,0.16,-0.116
2018-01-01,RUS,RUB,Russia,130,56.745,2.29095074455899,8945.644,3.21487372319248,-0.281,-0.358,-0.263,-0.062,-0.286
2018-01-01,SAU,SAR,Saudi Arabia,12,3.7503,3.19974402047836,20364.999,3.71106797273903,-0.13,-0.223,-0.108,0.134,-0.136
2018-01-01,SGP,SGD,Singapore,5.8,1.32255,4.38546746814865,52960.558,5.12741144717827,-0.137,-0.23,-0.115,0.125,-0.143
2018-01-01,ZAF,ZAR,South Africa,30,12.25815,2.44735135399714,5302.043,3.0565518333973,-0.192,-0.279,-0.171,0.054,-0.197
2018-01-01,KOR,KRW,South Korea,4400,1069.25,4.11503390226795,27534.841,4.0226122211276,0.033,-0.079,0.059,0.346,0.025
2018-01-01,SWE,SEK,Sweden,49.1,8.0188,6.12311068987879,51124.76,5.04764228237614,0.224,0.093,0.255,0.596,0.216
2018-01-01,CHE,CHF,Switzerland,6.5,0.96085,6.76484362803768,80345.623,6.31734833734925,0.081,-0.036,0.108,0.409,0.073
2018-01-01,TWN,TWD,Taiwan,69,29.553,2.33478834636078,22496.997,3.80370763125255,-0.38,-0.447,-0.365,-0.192,-0.385
2018-01-01,THA,THB,Thailand,119,31.95,3.7245696400626,5901.747,3.08261019450702,0.22,0.088,0.25,0.59,0.211
2018-01-01,TUR,TRY,Turkey,10.75,3.8026,2.82701309630253,10817.406,3.29620559709602,-0.134,-0.228,-0.113,0.128,-0.14
2018-01-01,USA,USD,United States,5.28,1,5.28,57607.613,5.32933545850173,0,-0.108,0.025,0.304,-0.007
2018-07-01,ARG,ARS,Argentina,75,27.725,2.70513976555455,14466.552,3.20374586032998,-0.222,-0.26,-0.151,0.012,-0.192
2018-07-01,AUS,AUD,Australia,6.05,1.33985395591881,4.51541749999998,55707.275,4.92075437188906,-0.154,-0.195,-0.077,0.1,-0.122
2018-07-01,BRA,BRL,Brazil,16.9,3.83835,4.40293355217737,9894.929,3.01341176743255,0.347,0.281,0.469,0.751,0.398
2018-07-01,GBR,GBP,Britain,3.19,0.753863550697324,4.231535,39734.592,4.25575068940185,-0.084,-0.128,0,0.192,-0.049
2018-07-01,CAN,CAD,Canada,6.65,1.31235,5.06724578047015,45077.388,4.47819165406495,0.043,-0.008,0.138,0.356,0.082
2018-07-01,CHL,CLP,Chile,2640,651.73,4.05075721541129,15070.413,3.22888689572838,0.156,0.1,0.262,0.504,0.2
2018-07-01,CHN,CNY,China,20.5,6.622,3.09574146783449,8643.107,2.96129364552288,-0.036,-0.083,0.051,0.253,0
2018-07-01,COL,COP,Colombia,11900,2874.07,4.14046978674841,6272.818,2.8626094787139,0.333,0.268,0.455,0.734,0.384
2018-07-01,CZE,CZK,Czech Republic,75,22.06475,3.39908677868546,20152.408,3.44046972056636,-0.089,-0.134,-0.006,0.184,-0.055
2018-07-01,DNK,DKK,Denmark,30,6.3591,4.71764872387602,56444.103,4.95143133037873,-0.122,-0.164,-0.042,0.142,-0.089
2018-07-01,EGY,EGP,Egypt,31.37,17.905,1.7520245741413,2500.772,2.70556482438055,-0.403,-0.432,-0.349,-0.224,-0.381
2018-07-01,EUZ,EUR,Euro area,4.04,0.853205921249094,4.735082,37250.2902759764,4.15231973826577,0.051,0,0.147,0.367,0.091
2018-07-01,HKG,HKD,Hong Kong,20,7.84825,2.54833880164368,46109.124,4.52114675680847,-0.48,-0.506,-0.433,-0.324,-0.461
2018-07-01,HUN,HUF,Hungary,850,276.4302,3.07491728472504,15531.209,3.24807158980109,-0.127,-0.17,-0.048,0.135,-0.094
2018-07-01,IND,INR,India,173,68.825,2.51362150381402,1982.702,2.68399559535459,-0.137,-0.179,-0.058,0.123,-0.104
2018-07-01,IDN,IDR,Indonesia,31500,14360,2.19359331476323,3875.771,2.7628112743612,-0.268,-0.304,-0.201,-0.048,-0.241
2018-07-01,ISR,ILS,Israel,17,3.6349,4.67688244518419,40258.361,4.27755718952287,0.008,-0.041,0.1,0.31,0.046
2018-07-01,JPN,JPY,Japan,390,111.25,3.50561797752809,38439.517,4.20183178021814,-0.231,-0.268,-0.161,0,-0.202
2018-07-01,MYS,MYR,Malaysia,8.45,4.0225,2.10068365444375,9812.8,3.00999242407997,-0.357,-0.388,-0.298,-0.163,-0.332
2018-07-01,MEX,MXN,Mexico,49,19.0515,2.57197595989817,9304.174,2.98881638477531,-0.207,-0.245,-0.135,0.031,-0.177
2018-07-01,NZL,NZD,New Zealand,6.2,1.46434324205594,4.23397999999999,41593.062,4.33312588014419,-0.099,-0.143,-0.017,0.171,-0.065
2018-07-01,NOR,NOK,Norway,42,8.0415,5.22290617422123,74940.62,5.72151184335124,-0.159,-0.199,-0.082,0.094,-0.127
2018-07-01,PAK,PKR,Pakistan,375,121.49,3.08667380031278,1541.08,2.66560918799476,0.067,0.015,0.165,0.388,0.108
2018-07-01,PER,PEN,Peru,10.5,3.2715,3.20953690967446,6762.192,2.88298398386833,0.026,-0.024,0.12,0.334,0.065
2018-07-01,PHL,PHP,Philippines,140,53.487,2.61745844784714,2976.307,2.72536315920956,-0.115,-0.158,-0.034,0.151,-0.081
2018-07-01,POL,PLN,Poland,10.1,3.68695,2.73939163807483,13822.619,3.17693647481378,-0.205,-0.244,-0.133,0.034,-0.175
2018-07-01,RUS,RUB,Russia,130,62.14065,2.09202832606353,10608.159,3.04310625122468,-0.366,-0.397,-0.309,-0.176,-0.342
2018-07-01,SAU,SAR,Saudi Arabia,12,3.7504,3.19965870307167,21120.481,3.48077428993122,-0.153,-0.194,-0.076,0.102,-0.121
2018-07-01,SGP,SGD,Singapore,5.8,1.35585,4.27775933915994,57713.335,5.00427429695677,-0.212,-0.25,-0.14,0.025,-0.182
2018-07-01,ZAF,ZAR,South Africa,31,13.3619,2.32002933714517,6179.87,2.85873969914839,-0.252,-0.288,-0.184,-0.027,-0.224
2018-07-01,KOR,KRW,South Korea,4500,1116,4.03225806451613,29891.255,3.84593504647181,-0.034,-0.081,0.054,0.257,0.003
2018-07-01,SWE,SEK,Sweden,51,8.7526,5.82684002467838,53217.627,4.81710083490363,0.115,0.061,0.217,0.45,0.157
2018-07-01,CHE,CHF,Switzerland,6.5,0.99325,6.54417316889001,80590.91,5.95675495542706,0.013,-0.037,0.105,0.317,0.051
2018-07-01,TWN,TWD,Taiwan,69,30.3725,2.27179191703021,24576.665,3.62466840511233,-0.422,-0.45,-0.37,-0.249,-0.4
2018-07-01,THA,THB,Thailand,119,33.17,3.5875791377751,6590.638,2.8758415368702,0.15,0.094,0.255,0.495,0.193
2018-07-01,TUR,TRY,Turkey,10.75,4.70625,2.28419654714475,10511.996,3.03910261895332,-0.307,-0.341,-0.244,-0.099,-0.281
2018-07-01,USA,USD,United States,5.51,1,5.51,59501.114,5.07870635188913,0,-0.049,0.091,0.3,0.038
2019-01-01,ARG,ARS,Argentina,75,37.455,2.00240288346015,14462.92,3.16521135582918,-0.419,-0.434,-0.338,-0.261,-0.396
2019-01-01,AUS,AUD,Australia,6.1,1.40163991870488,4.35204500000001,55692.73,4.94527277131018,-0.192,-0.213,-0.08,0.028,-0.16
2019-01-01,BRA,BRL,Brazil,16.9,3.71795,4.54551567396011,9895.765,2.96802838569128,0.406,0.37,0.601,0.789,0.463
2019-01-01,GBR,GBP,Britain,3.19,0.783208020050125,4.072992,39800.274,4.25912971795074,-0.122,-0.145,0,0.117,-0.087
2019-01-01,CAN,CAD,Canada,6.77,1.3314,5.08487306594562,45094.605,4.4877078834549,0.04,0.013,0.185,0.323,0.082
2019-01-01,CHL,CLP,Chile,2640,678.99,3.88812795475633,15067.724,3.19132324585071,0.118,0.09,0.274,0.423,0.164
2019-01-01,CHN,CNY,China,20.9,6.8497,3.05122852095712,8643.107,2.91394595910252,-0.039,-0.063,0.095,0.223,0
2019-01-01,COL,COP,Colombia,11900,3191.5,3.72865423781921,6379.606,2.81622125957074,0.215,0.184,0.384,0.546,0.264
2019-01-01,CZE,CZK,Czech Republic,85,22.31165,3.80966893976913,20401.577,3.42160773954951,0.022,-0.004,0.164,0.301,0.063
2019-01-01,DNK,DKK,Denmark,30,6.51545,4.60444021518084,56630.596,4.98576432534576,-0.152,-0.174,-0.034,0.079,-0.118
2019-01-01,EGY,EGP,Egypt,40,17.91,2.23338916806253,2495.02,2.64850761612397,-0.226,-0.246,-0.118,-0.015,-0.195
2019-01-01,EUZ,EUR,Euro area,4.05,0.87248614928238,4.6419075,37309.0933792496,4.15157514755637,0.026,0,0.169,0.306,0.068
2019-01-01,HKG,HKD,Hong Kong,20,7.83435,2.55286016070255,46080.481,4.53027222774969,-0.483,-0.496,-0.411,-0.342,-0.462
2019-01-01,HUN,HUF,Hungary,850,280.26875,3.03280333608367,14209.443,3.15426770541188,-0.117,-0.14,0.005,0.123,-0.082
2019-01-01,IND,INR,India,178,69.685,2.55435172562244,1976.093,2.62610339136157,-0.107,-0.13,0.017,0.136,-0.071
2019-01-01,IDN,IDR,Indonesia,33000,14090,2.34208658623137,3875.769,2.70812026094004,-0.206,-0.227,-0.096,0.01,-0.174
2019-01-01,ISR,ILS,Israel,17,3.70785,4.58486724112356,40272.966,4.27953778654496,-0.017,-0.042,0.12,0.251,0.023
2019-01-01,JPN,JPY,Japan,390,108.44,3.59645887126522,38448.569,4.20077102273452,-0.214,-0.234,-0.105,0,-0.182
2019-01-01,MYS,MYR,Malaysia,9.05,4.1175,2.19793564055859,9755.178,2.96195866346316,-0.319,-0.336,-0.224,-0.133,-0.291
2019-01-01,MEX,MXN,Mexico,49,19.30875,2.53770958762219,9318.823,2.9431194134411,-0.208,-0.229,-0.098,0.007,-0.177
2019-01-01,NZL,NZD,New Zealand,6.2,1.4792899408284,4.19120000000001,41572.269,4.33563407069758,-0.113,-0.135,0.011,0.129,-0.077
2019-01-01,NOR,NOK,Norway,50,8.5329,5.85967256149726,75389.46,5.79566206692292,-0.072,-0.096,0.057,0.181,-0.034
2019-01-01,PAK,PKR,Pakistan,460,138.88,3.31221198156682,1545.938,2.60753182098139,0.166,0.136,0.328,0.484,0.213
2019-01-01,PER,PEN,Peru,10.5,3.3485,3.13573241750037,6731.851,2.83142913303161,0.017,-0.01,0.158,0.294,0.058
2019-01-01,PHL,PHP,Philippines,140,52.3925,2.67213818771771,2988.897,2.66983032878487,-0.081,-0.105,0.047,0.169,-0.044
2019-01-01,POL,PLN,Poland,10.5,3.74845,2.80115781189558,13821.233,3.13750707415736,-0.18,-0.202,-0.066,0.043,-0.147
2019-01-01,RUS,RUB,Russia,110.17,66.685,1.65209567368974,10955.792,3.01379413532894,-0.497,-0.51,-0.427,-0.36,-0.476
2019-01-01,SAU,SAR,Saudi Arabia,12,3.75115,3.19901896751663,21096.44,3.45160784906603,-0.149,-0.171,-0.031,0.083,-0.115
2019-01-01,SGP,SGD,Singapore,5.8,1.3559,4.27760159303783,57713.335,5.03251064595544,-0.22,-0.24,-0.111,-0.007,-0.188
2019-01-01,ZAF,ZAR,South Africa,31,13.8675,2.23544258157563,6179.87,2.80759783038485,-0.269,-0.288,-0.167,-0.07,-0.24
2019-01-01,KOR,KRW,South Korea,4500,1118.6,4.0228857500447,29938.45,3.83335398945079,-0.037,-0.061,0.097,0.226,0.002
2019-01-01,SWE,SEK,Sweden,52,8.90625,5.83859649122807,52925.128,4.82578394675319,0.111,0.082,0.265,0.413,0.155
2019-01-01,CHE,CHF,Switzerland,6.5,0.98165,6.6215046095859,80637.381,6.02223652078513,0.009,-0.017,0.15,0.284,0.05
2019-01-01,TWN,TWD,Taiwan,69,30.803,2.24004155439405,24292.091,3.58957731927322,-0.427,-0.442,-0.347,-0.271,-0.404
2019-01-01,THA,THB,Thailand,119,32.0075,3.71787862219792,6590.638,2.82533238379449,0.208,0.177,0.376,0.537,0.257
2019-01-01,TUR,TRY,Turkey,10.75,5.3834,1.99687929561244,10537.186,2.99572118304299,-0.388,-0.404,-0.303,-0.221,-0.363
2019-01-01,USA,USD,United States,5.58,1,5.58,59792.013,5.12225577218836,0,-0.026,0.139,0.272,0.04
2019-07-09,ARG,ARS,Argentina,120,41.8045,2.87050437153895,14588.01,3.23760287351017,-0.229,-0.201,-0.088,0.028,-0.125
2019-07-09,AUS,AUD,Australia,6.15,1.4436263894904,4.260105,55957.72,4.8389289703177,-0.234,-0.207,-0.094,0.021,-0.132
2019-07-09,BRA,BRL,Brazil,17.5,3.8073,4.59643316786174,9928.23,3.05723353276831,0.307,0.355,0.547,0.743,0.483
2019-07-09,GBR,GBP,Britain,3.29,0.802181934862827,4.101314,39975.38,4.22028943598084,-0.155,-0.124,0,0.127,-0.041
2019-07-09,CAN,CAD,Canada,6.77,1.31305,5.1559346559537,45223.97,4.42345025432941,0.014,0.05,0.199,0.351,0.15
2019-07-09,CHL,CLP,Chile,2640,689.75,3.82747372236318,15127.76,3.25849535162403,0.021,0.058,0.209,0.362,0.159
2019-07-09,CHN,CNY,China,21,6.8846,3.05028614589083,8677.4,3.00881678723952,-0.118,-0.087,0.043,0.175,0
2019-07-09,COL,COP,Colombia,11900,3227,3.68763557483731,6325.49,2.9177797734354,0.099,0.139,0.301,0.465,0.247
2019-07-09,CZE,CZK,Czech Republic,85,22.7993,3.72818463724764,20409.98,3.4629579097391,-0.064,-0.03,0.108,0.248,0.062
2019-07-09,DNK,DKK,Denmark,30,6.6593,4.50497800069076,57380.2,4.89398989160979,-0.2,-0.171,-0.053,0.067,-0.092
2019-07-09,EGY,EGP,Egypt,42,16.615,2.52783629250677,2495.02,2.76951111083084,-0.206,-0.178,-0.061,0.058,-0.1
2019-07-09,EUZ,EUR,Euro area,4.08,0.892339267389462,4.572252,37379.5830698961,4.11981212139033,-0.035,0,0.142,0.287,0.095
2019-07-09,HKG,HKD,Hong Kong,20.5,7.8105,2.6246719160105,46091.22,4.45701950239657,-0.488,-0.469,-0.394,-0.317,-0.419
2019-07-09,HUN,HUF,Hungary,900,290.5412,3.09766738762007,14264.25,3.22507087033435,-0.165,-0.135,-0.012,0.114,-0.053
2019-07-09,IND,INR,India,183,68.5544,2.66941290420454,2014.01,2.75089232269272,-0.156,-0.126,-0.001,0.125,-0.043
2019-07-09,IDN,IDR,Indonesia,32000,14130,2.26468506723284,3884.72,2.82330319389677,-0.302,-0.277,-0.175,-0.07,-0.209
2019-07-09,ISR,ILS,Israel,17,3.5667,4.76631059522808,40560.26,4.24292879234811,-0.023,0.012,0.156,0.302,0.108
2019-07-09,JPN,JPY,Japan,390,108.765,3.58571231554268,38344.02,4.15714325145869,-0.25,-0.223,-0.112,0,-0.149
2019-07-09,MYS,MYR,Malaysia,8.85,4.1425,2.13639106819553,9827.67,3.05334108700799,-0.392,-0.37,-0.28,-0.189,-0.31
2019-07-09,MEX,MXN,Mexico,50,18.89525,2.64616768764637,9376.99,3.03589630324448,-0.242,-0.215,-0.103,0.011,-0.14
2019-07-09,NZL,NZD,New Zealand,6.4,1.51343170639425,4.2288,41350.26,4.27350787101407,-0.14,-0.108,0.018,0.147,-0.024
2019-07-09,NOR,NOK,Norway,42,8.65275,4.85394816676779,75513.64,5.59589354761545,-0.246,-0.218,-0.107,0.006,-0.144
2019-07-09,PAK,PKR,Pakistan,480,157.45,3.0485868529692,1545.94,2.73277441212161,-0.03,0.005,0.148,0.293,0.1
2019-07-09,PER,PEN,Peru,10.5,3.2868,3.19459656809054,6728.09,2.93336349124668,-0.053,-0.019,0.121,0.263,0.074
2019-07-09,PHL,PHP,Philippines,142,51.3175,2.76708725093779,2988.9,2.78862806699735,-0.137,-0.106,0.021,0.15,-0.021
2019-07-09,POL,PLN,Poland,10.8,3.80775,2.83632066180815,13867.61,3.20971785038237,-0.232,-0.204,-0.091,0.024,-0.128
2019-07-09,RUS,RUB,Russia,130,63.83875,2.03638072487322,10961.99,3.09724799904897,-0.428,-0.408,-0.323,-0.238,-0.351
2019-07-09,SAU,SAR,Saudi Arabia,13,3.75035,3.46634314130681,21153.21,3.49172662953265,-0.137,-0.106,0.022,0.151,-0.021
2019-07-09,SGP,SGD,Singapore,5.8,1.3613,4.26063321824726,59990.06,4.99501155521377,-0.258,-0.231,-0.122,-0.011,-0.159
2019-07-09,ZAF,ZAR,South Africa,31,14.175,2.18694885361552,6182.25,2.91223528327323,-0.347,-0.323,-0.227,-0.129,-0.259
2019-07-09,KOR,KRW,South Korea,4500,1180.55,3.81178264368303,29749.8,3.82448080911367,-0.133,-0.102,0.026,0.156,-0.017
2019-07-09,SWE,SEK,Sweden,51,9.47505,5.38255734798233,52924.37,4.72151498516404,-0.009,0.027,0.173,0.322,0.125
2019-07-09,CHE,CHF,Switzerland,6.5,0.99355,6.54219717175784,80642.58,5.79442299031543,-0.018,0.017,0.162,0.309,0.114
2019-07-09,TWN,TWD,Taiwan,72,31.172,2.30976517387399,24389.68,3.61700292159596,-0.445,-0.425,-0.343,-0.26,-0.37
2019-07-09,THA,THB,Thailand,119,30.8275,3.86018976563134,6730.56,2.93345909925213,0.144,0.186,0.354,0.526,0.298
2019-07-09,TUR,TRY,Turkey,13.99,5.722,2.44494931842013,10537.19,3.08080497041948,-0.31,-0.285,-0.183,-0.08,-0.217
2019-07-09,USA,USD,United States,5.74,1,5.74,59895,4.99133200177328,0,0.036,0.183,0.333,0.134
